brand,model,engine,battery_capacity,horse_power,top_speed,performance,price,fuel_type,seats,torque
ferrari,sf90 stradale,v8,3990.0,963,340,2.5,1100000.0,hybrid in plug,2,800.0
rolls royce,phantom,v12,6749.0,563,250,5.3,460000.0,petrol,5,900.0
ford,ka+,1.2l petrol,1200.0,70,165,10.5,12000.0,petrol,5,100.0
mercedes,gt 63 s,v8,3982.0,630,250,3.2,161000.0,petrol,4,900.0
audi,audi r8 gt,v10,5204.0,602,320,3.6,253290.0,petrol,2,560.0
bmw,mclaren 720s,v8,3994.0,710,341,2.9,499000.0,petrol,2,770.0
aston martin,vantage f1,v8,3982.0,656,314,3.6,193440.0,petrol,2,685.0
bentley,continental gt azure,v8,3996.0,550,318,4.0,311000.0,petrol,4,900.0
lamborghini,veneno roadster,v12,6498.0,750,356,2.9,4500000.0,petrol,2,690.0
ferrari,f8 tributo,v8,3900.0,710,340,2.9,280000.0,petrol,2,770.0
ferrari,812 gts,v12,6496.0,789,340,2.9,350000.0,petrol,2,718.0
ferrari,portofino,v8,3900.0,592,320,3.2,210000.0,petrol,4,760.0
ferrari,roma,v8,3900.0,612,320,3.4,230000.0,petrol,4,760.0
ferrari,monza sp2,v12,6496.0,789,340,2.9,1700000.0,petrol,2,719.0
ferrari,f8 spider,v8,3900.0,710,340,2.9,280000.0,petrol,2,770.0
ferrari,portofino m,v8,3900.0,612,320,3.2,220000.0,petrol,4,760.0
ferrari,roma spider,v8,3900.0,612,320,3.4,240000.0,petrol,4,760.0
toyota,gr supra,i4,2998.0,382,250,4.1,53900.0,petrol,2,500.0
toyota,toyota 86,boxer-4,1998.0,205,226,6.4,27000.0,petrol,4,205.0
toyota,toyota  gr86,boxer-4,2387.0,228,226,5.6,30000.0,petrol,4,250.0
toyota,toyota land cruiser,v8,5663.0,381,220,6.7,85000.0,diesel,7,500.0
toyota,toyota sequoia,v8,5663.0,381,200,6.9,50000.0,petrol,7,651.0
nissan,gt-r,v6,3799.0,600,315,2.9,113000.0,petrol,4,637.0
nissan,370z,v6,3696.0,332,250,4.7,30000.0,petrol,2,366.0
nissan,z proto,v6,2998.0,400,290,4.1,40000.0,petrol,2,475.0
nissan,altima,i4,2488.0,188,225,7.3,25000.0,petrol,5,380.0
nissan,maxima,v6,3498.0,300,240,5.8,35000.0,petrol,5,354.0
nissan,sentra,i4,1998.0,149,200,8.2,20000.0,petrol,5,240.0
nissan,rogue,i4,2488.0,201,200,7.5,28000.0,petrol,5,270.0
nissan,pathfinder,v6,3498.0,284,225,6.5,35000.0,petrol,7,351.0
nissan,frontier,v6,3799.0,310,180,6.8,30000.0,petrol,5,381.0
nissan,titan,v8,5598.0,400,200,5.9,40000.0,petrol,5,560.0
aston martin,valkyrie,v12,6496.0,1160,402,2.5,3200000.0,hybrid,2,900.0
aston martin,valhalla,v8,3996.0,1000,362,2.5,1100000.0,hybrid,2,1000.0
aston martin,dbs superleggera,v12,5204.0,715,340,3.4,316000.0,petrol,2,900.0
aston martin,db11,v12,5204.0,600,322,3.9,208000.0,petrol,4,700.0
aston martin,vantage,v8,3996.0,503,313,3.6,142000.0,petrol,2,685.0
aston martin,dbx,v8,3996.0,542,291,4.5,189000.0,petrol,5,700.0
aston martin,rapide amr,v12,5935.0,580,328,4.2,240000.0,petrol,4,630.0
aston martin,vanquish,v12,5935.0,580,324,3.6,294000.0,petrol,2,630.0
aston martin,lagonda taraf,v12,5935.0,540,314,4.2,1100000.0,petrol,4,630.0
aston martin,victor,v12,5204.0,836,320,2.8,1300000.0,petrol,2,821.0
lamborghini,sian,v12,6498.0,819,350,2.8,2800000.0,hybrid,2,720.0
lamborghini,aventador svj,v12,6498.0,759,350,2.8,518000.0,petrol,2,720.0
lamborghini,huracan performante,v10,5204.0,640,325,2.9,274000.0,petrol,2,600.0
lamborghini,huracan evo,v10,5204.0,640,325,2.9,261000.0,petrol,2,600.0
lamborghini,aventador sv,v12,6498.0,740,350,2.8,493000.0,petrol,2,690.0
lamborghini,urus,v8,3996.0,641,305,3.6,211000.0,petrol,5,850.0
lamborghini,huracan spyder,v10,5204.0,610,325,3.4,287000.0,petrol,2,600.0
lamborghini,aventador roadster,v12,6498.0,700,350,3.0,445000.0,petrol,2,690.0
lamborghini,huracan  performante spyder,v10,5204.0,640,325,3.1,308000.0,petrol,2,600.0
lamborghini,aventador s,v12,6498.0,740,350,2.9,421000.0,petrol,2,690.0
lamborghini,huracan evo spyder,v10,5204.0,640,325,3.1,287000.0,petrol,2,600.0
lamborghini,urus performante,v8,3996.0,641,305,3.3,242000.0,petrol,5,850.0
lamborghini,aventador ultimae,v12,6498.0,769,355,2.8,545000.0,petrol,2,720.0
lamborghini,huracan evo rwd,v10,5204.0,610,325,3.3,258000.0,petrol,2,560.0
lamborghini,aventador svj roadster,v12,6498.0,759,350,2.9,573000.0,petrol,2,720.0
lamborghini,urus s,v8,3996.0,671,305,3.3,263000.0,petrol,5,850.0
lamborghini,huracan sto,v10,5204.0,640,325,3.0,327000.0,petrol,2,565.0
lamborghini,aventador lp 780-4 ultimate,v12,6498.0,769,355,2.8,545000.0,petrol,2,720.0
lamborghini,huracan evo rwd spyder,v10,5204.0,610,325,3.3,273000.0,petrol,2,600.0
lamborghini,aventador svj xago,v12,6498.0,759,350,2.9,603000.0,petrol,2,720.0
lamborghini,urus graphite capsule,v8,3998.0,641,305,3.3,253000.0,petrol,5,850.0
lamborghini,huracan sto evo,v10,5204.0,640,325,3.0,342000.0,petrol,2,565.0
lamborghini,aventador lp 780-4 ultimate roadster,v12,6498.0,769,355,2.8,573000.0,petrol,2,720.0
rolls royce,ghost,v12,6592.0,591,250,4.8,332000.0,petrol,5,850.0
rolls royce,wraith,v12,6592.0,624,250,4.4,330000.0,petrol,4,870.0
rolls royce,dawn,v12,6592.0,624,250,4.9,360000.0,petrol,4,870.0
rolls royce,cullinan,v12,6749.0,563,250,5.2,325000.0,petrol,5,850.0
rolls royce,phantom extended,v12,6749.0,563,250,5.3,500000.0,petrol,5,900.0
rolls royce,ghost extended,v12,6592.0,591,250,4.8,370000.0,petrol,5,850.0
rolls royce,wraith black badge,v12,6592.0,624,250,4.3,360000.0,petrol,4,870.0
rolls royce,dawn black badge,v12,6592.0,624,250,4.8,390000.0,petrol,4,870.0
rolls royce,cullinan black badge,v12,6749.0,563,250,5.1,350000.0,petrol,5,850.0
rolls royce,phantom coupe,v12,6749.0,563,250,5.3,450000.0,petrol,4,870.0
rolls royce,ghost coupe,v12,6592.0,591,250,4.8,340000.0,petrol,4,850.0
rolls royce,wraith coupe,v12,6592.0,624,250,4.4,330000.0,petrol,4,870.0
rolls royce,dawn convertible,v12,6592.0,624,250,4.9,380000.0,petrol,4,870.0
rolls royce,cullinan suv,v12,6749.0,563,250,5.2,320000.0,petrol,5,850.0
mercedes,benz s-class s 580,v8,3982.0,496,250,4.4,116000.0,petrol,5,700.0
mercedes,benz e-class e 63 s,v8,3982.0,603,250,3.4,104000.0,petrol,5,850.0
mercedes,benz cla 45 amg,i4,1991.0,382,250,4.1,53000.0,petrol,5,500.0
mercedes,benz gle 63 s,v8,3982.0,603,250,4.2,113000.0,petrol,5,850.0
mercedes,benz s-class s 500,v6,2996.0,429,250,4.9,109000.0,petrol,5,700.0
mercedes,benz e-class e 450,v6,2996.0,362,250,5.2,62000.0,petrol,5,500.0
mercedes,benz cls 450,v6,2996.0,362,250,5.2,70000.0,petrol,5,500.0
mercedes,benz gt 53,v6,2996.0,429,250,4.5,99000.0,petrol,5,700.0
mercedes,benz gle 450,v6,2996.0,362,250,5.5,63000.0,petrol,5,500.0
mercedes,benz a-class a 45 s,i4,1991.0,416,250,3.9,53000.0,petrol,5,500.0
mercedes,benz c-class c 43,v6,2996.0,402,250,4.7,52000.0,petrol,5,520.0
mercedes,benz e-class e 350,i4,1991.0,255,250,5.7,49000.0,petrol,5,500.0
mercedes,benz gle 350,i4,1991.0,255,250,6.1,53000.0,petrol,5,500.0
mercedes,benz glc 43,v6,2996.0,402,250,4.7,54000.0,petrol,5,520.0
mercedes,benz gla 45,i4,1991.0,382,250,4.3,48000.0,petrol,5,500.0
mercedes,benz glc 350,i4,1991.0,255,250,6.1,46000.0,petrol,5,500.0
mercedes,benz gle 53,v6,2996.0,429,250,5.2,71000.0,petrol,5,620.0
mercedes,benz s-class s 350,i4,1991.0,255,250,6.5,90000.0,petrol,5,500.0
mercedes,benz maybach s 680,v12,5980.0,630,250,4.7,200000.0,petrol,5,1000.0
bmw,m5 cs,v8,4395.0,627,305,3.0,142000.0,petrol,5,750.0
bmw,m4 gts,i6,2993.0,493,305,3.7,133000.0,petrol,4,600.0
bmw,m3 competition,i6,2993.0,503,285,3.5,76000.0,petrol,5,650.0
bmw,m2 cs,i6,2993.0,444,280,4.0,83000.0,petrol,4,550.0
bmw,x5 m competition,v8,4935.0,523,285,4.1,114000.0,petrol,5,750.0
bmw,x3 m competition,i6,2993.0,503,285,4.1,69000.0,petrol,5,650.0
bmw,m8 gran coupe,v8,4395.0,523,305,3.3,146000.0,petrol,5,750.0
bmw,m850i drive coupe,v8,4935.0,523,285,3.7,108000.0,petrol,4,750.0
rolls royce,dawn black badge volante,v12,6592.0,563,250,4.8,398000.0,petrol,4,840.0
rolls royce,cullinan black badge suv,v12,6749.0,563,250,5.1,381000.0,petrol,5,850.0
rolls royce,phatom tranquility,v12,6749.0,563,250,5.3,475000.0,petrol,5,900.0
rolls royce,ghost zenith,v12,6749.0,563,250,4.9,335000.0,petrol,5,900.0
rolls royce,wraith eagle viii,v12,6592.0,623,250,4.5,349000.0,petrol,4,800.0
rolls royce,phatom orchid,v12,6749.0,563,250,5.3,495000.0,petrol,5,900.0
rolls royce,ghost azure,v12,6749.0,563,250,4.9,355000.0,petrol,5,900.0
rolls royce,wraith kryptos,v12,6592.0,623,250,4.5,369000.0,petrol,4,800.0
rolls royce,dawn silver bullet,v12,6592.0,563,250,4.8,418000.0,petrol,4,840.0
rolls royce,cullinan fux orange,v12,6749.0,563,250,5.1,401000.0,petrol,5,850.0
rolls royce,phantom celestial,v12,6749.0,563,250,5.3,515000.0,petrol,5,900.0
rolls royce,ghost mysore,v12,6749.0,563,250,4.9,375000.0,petrol,5,900.0
rolls royce,wraith luminary,v12,6592.0,623,250,4.5,389000.0,petrol,4,800.0
rolls royce,dawn black badge adamas,v12,6592.0,563,250,4.8,439000.0,petrol,4,840.0
rolls royce,cullinan red diamond,v12,6749.0,563,250,5.1,421000.0,petrol,5,850.0
audi,r8 v10 plus,v10,5204.0,610,330,3.2,194000.0,petrol,2,560.0
audi,rs7 sportback,v8,3993.0,591,305,3.6,114000.0,petrol,5,800.0
audi,s8,v8,3993.0,563,305,4.3,101000.0,petrol,5,800.0
audi,rs6 avant,v8,3993.0,591,305,3.6,109000.0,petrol,5,800.0
audi,s7 sportback,v8,3993.0,563,305,4.3,96000.0,petrol,5,650.0
audi,a8,v6,2995.0,335,250,5.7,86000.0,petrol,5,600.0
audi,s5 coupe,v6,2995.0,349,250,4.8,64000.0,petrol,4,500.0
audi,sq5,v6,2995.0,349,250,5.4,62000.0,petrol,5,500.0
audi,s4 sedan,v6,2995.0,349,250,4.7,59000.0,petrol,5,500.0
audi,s3 sedan,i4,1984.0,306,250,4.8,52000.0,petrol,5,400.0
audi,q7,v6,2995.0,335,250,6.3,60000.0,petrol,7,600.0
audi,q5,i4,1984.0,248,240,6.3,43000.0,petrol,5,500.0
audi,a7,v6,2995.0,335,250,5.7,68000.0,petrol,5,600.0
audi,a6,v6,2995.0,335,250,5.7,58000.0,petrol,5,600.0
audi,a5 coupe,i4,1984.0,248,240,6.3,45000.0,petrol,4,500.0
audi,a4,i4,1984.0,248,240,6.5,39000.0,petrol,5,400.0
audi,q3,i4,1984.0,248,230,7.3,35000.0,petrol,5,400.0
audi,e-tron,electric,95.0,402,200,5.5,75000.0,electric,5,664.0
audi,e-tron sportback,electric,95.0,402,200,5.5,78000.0,electric,5,664.0
audi,tt coupe,i4,1984.0,248,250,5.3,49000.0,petrol,2,400.0
bmw,i8 roadster,electric motor,11.6,369,250,4.4,165000.0,hybrid,2,570.0
bmw,330i,i4,1998.0,255,250,5.6,45000.0,petrol,5,400.0
bmw,m340i xdrive,i6,2998.0,382,250,4.1,57000.0,petrol,5,500.0
bmw,430i coupe,i4,1998.0,255,250,5.8,48000.0,petrol,4,400.0
bmw,m4 competition,i6,2993.0,503,290,3.8,81000.0,petrol,4,650.0
bmw,530i,i4,1998.0,248,250,5.9,57000.0,petrol,5,400.0
bmw,m550i xdrive,v8,4395.0,523,250,3.6,78000.0,petrol,5,650.0
bmw,118i,i3,1499.0,136,213,8.5,32000.0,petrol,5,220.0
bmw,128ti,i4,1998.0,261,250,6.1,42000.0,petrol,5,400.0
bmw,m135i xdrive,i4,1998.0,302,250,4.8,30000.0,petrol,5,450.0
bmw,116d,i3,1496.0,116,200,10.3,30000.0,diesel,5,280.0
bmw,120d xdrive,i4,1995.0,190,230,6.9,38000.0,diesel,5,400.0
bmw,116i,i3,1499.0,109,200,10.9,28000.0,petrol,5,200.0
bmw,118d,i4,1995.0,150,216,8.4,34000.0,diesel,5,380.0
bmw,120i,i4,1998.0,178,230,7.1,37000.0,petrol,5,300.0
bmw,125i,i4,1998.0,224,240,6.1,42000.0,petrol,5,400.0
bmw,114d,i3,1496.0,95,185,12.2,27000.0,diesel,5,270.0
bmw,114i,i4,1598.0,102,195,11.2,26000.0,petrol,5,200.0
bmw,125d,i4,1995.0,224,240,6.3,44000.0,diesel,5,400.0
bmw,118i xdrive,i3,1499.0,136,211,8.9,34000.0,petrol,5,250.0
bmw,116d efficientdynamics,i3,1496.0,116,200,10.9,30000.0,diesel,5,270.0
bmw,118i sportline,i3,1499.0,136,213,8.5,35000.0,petrol,5,250.0
bmw,118i m sport,i3,1499.0,136,213,8.5,37000.0,petrol,5,250.0
bmw,120i m sport,i4,1998.0,178,230,7.1,39000.0,petrol,5,300.0
bmw,116i efficientdynamics,i4,1598.0,109,195,10.9,29000.0,petrol,5,200.0
bmw,116d advantage,i3,1496.0,116,200,10.5,31000.0,diesel,5,270.0
bmw,120d efficientdynamics,i4,1995.0,163,225,7.7,39000.0,diesel,5,400.0
bmw,118i shadow line,i3,1499.0,136,213,8.5,36000.0,petrol,5,250.0
bmw,118d sport line,i4,1995.0,150,216,8.4,36000.0,diesel,5,380.0
bmw,120i xdrive,i4,1998.0,178,230,7.2,40000.0,petrol,5,300.0
bmw,114d sport line,i3,1496.0,95,185,12.2,28000.0,diesel,5,270.0
bmw,118i urban line,i3,1499.0,136,213,8.5,35000.0,petrol,5,250.0
volvo,xc90,i6,1969.0,247,200,6.5,60000.0,diesel petrol,7,400.0
volvo,xc60,i6,1969.0,247,220,6.4,55000.0,diesel petrol,5,400.0
volvo,s90,i6,1969.0,295,250,5.9,60000.0,diesel petrol,5,400.0
kia,sportage lx,i4,2480.0,187,200,8.0,27000.0,petrol,5,250.0
kia,sportage ex,i4,2480.0,187,200,8.0,30000.0,petrol,5,250.0
kia,sportage gt-line,i4,2480.0,187,200,8.0,32000.0,petrol,5,350.0
kia,sportage sx turbo,i4,1998.0,240,210,6.7,36000.0,petrol,5,400.0
kia,sportage nightfall edition,i4,2480.0,187,200,8.0,33000.0,petrol,5,350.0
honda,civic type r,i4,1996.0,315,272,5.7,44000.0,petrol,5,400.0
kia,sportage phev,i4 + electric,1600.0,261,180,8.0,41000.0,hybrid in plug,5,350.0
kia,sportage 2024(base model),i4,2480.0,187,200,8.0,26000.0,petrol,5,250.0
kia,sportage 2024(top trim),i4,1998.0,240,210,6.7,38000.0,petrol,5,400.0
kia,sportage 2024(base awd),i4,2480.0,187,200,8.3,29000.0,awd petrol,5,250.0
kia,sportage x-line,i4,2480.0,187,200,8.0,32500.0,petrol,5,350.0
kia,sportage 2024(s trim),i4,2480.0,187,200,8.2,28000.0,petrol,5,250.0
honda,accord,i4,1498.0,192,201,7.1,29400.0,petrol,5,370.0
kia,sportage 2024(hybrid awd),i4 + electric,1600.0,227,180,8.0,37000.0,hybrid,5,350.0
kia,sportage 2024(plug-in hybrid awd),i4 + electric,1598.0,261,180,7.9,42000.0,hybrid in plug,5,350.0
kia,sportage 2024(x-pro),i4,2480.0,187,200,8.1,36000.0,petrol,5,400.0
kia,sportage 2024(x-pro prestige),i4,2480.0,187,200,8.1,38000.0,petrol,5,400.0
kia,sportage 2024(sx turbo awd),i4,1998.0,240,210,6.5,40000.0,awd petrol,5,400.0
kia,sportage 2024(base fwd),i4,2480.0,187,200,8.5,26500.0,petrol,5,250.0
honda,cr-v,i4,1498.0,190,186,8.2,30000.0,hybrid petrol,5,400.0
honda,pilot,v6,3471.0,285,209,6.3,40000.0,petrol,8,360.0
honda,civic hatchback,i4,1498.0,180,220,6.8,26350.0,petrol,5,300.0
toyota,camry,v6,3500.0,301,220,6.0,27000.0,hybrid petrol,5,250.0
toyota,corolla,i4,1798.0,139,180,9.4,22500.0,hybrid petrol,5,200.0
toyota,prius,i4,1798.0,121,180,10.5,26700.0,hybrid,5,142.0
toyota,rav4,i4,2494.0,203,200,8.1,27100.0,hybrid petrol,5,400.0
toyota,highlander,v6,3456.0,295,220,7.2,38400.0,hybrid petrol,7,370.0
toyota,4runner,v6,3956.0,270,200,7.5,37400.0,petrol,5,400.0
toyota,tacoma,i4,2694.0,159,180,9.5,26400.0,petrol,5,400.0
toyota,tundra,v8,5663.0,381,220,6.7,39900.0,petrol,5,650.0
toyota,avalon,v6,3456.0,301,220,6.9,41400.0,petrol,5,400.0
toyota,mirai,i4,1798.0,151,180,9.2,52400.0,hydrogen,5,335.0
toyota,sienna,v6,2494.0,245,190,8.0,44150.0,hybrid petrol,7,360.0
toyota,venza,i4,2494.0,219,200,7.5,33400.0,hybrid,5,400.0
toyota,highlander hybrid,v6,3456.0,240,220,8.2,40400.0,hybrid,7,350.0
toyota,land cruiser prado,v6,3956.0,282,200,7.2,49400.0,diesel petrol,7,450.0
toyota,tundra hybrid,v6,3456.0,344,220,6.2,43400.0,hybrid,5,650.0
toyota,yaris,i4,1496.0,106,180,11.2,18400.0,petrol,5,150.0
toyota,c-hr,i4,1986.0,144,200,10.2,24400.0,hybrid petrol,5,250.0
toyota,bz4x,electric,64.8,218,200,7.5,43400.0,electric,5,330.0
toyota,crown,hybrid,2494.0,236,200,7.6,38400.0,hybrid,5,400.0
toyota,mr2,i4,1986.0,168,200,6.9,29000.0,petrol,2,400.0
toyota,celica,i4,1986.0,140,200,8.5,25000.0,petrol,5,250.0
honda,city,i4,1497.0,119,180,10.2,15400.0,hybrid petrol,5,145.0
honda,civic,i4,1996.0,158,200,8.5,20400.0,petrol,5,400.0
hyundai,i10,"1.2l,4-cylinder,inline-4(i4)",1197.0,87,160,12.2,12400.0,petrol,5,120.0
hyundai,i20,"1.4l,4-cylinder,inline-4(i4)",1396.0,99,180,10.5,15400.0,hybrid petrol,5,250.0
hyundai,elantra,"2.0l,4-cylinder,inline-4(i4)",1999.0,147,200,9.5,18400.0,hybrid petrol,5,250.0
mahindra,xuv500,"2.2l,4-cylinder,inline-4(i4)",2179.0,155,180,10.5,18400.0,diesel,7,400.0
mahindra,scorpio,"2.2l,4-cylinder,inline-4(i4)",2179.0,140,160,11.2,16400.0,diesel,7,280.0
mahindra,thar,"2.0l,4-cylinder,inline-4(i4)",1997.0,150,180,10.5,20400.0,diesel petrol,4,320.0
maruti suzuki,swift,"1.2l,4-cylinder,inline-4(i4)",1197.0,83,160,12.2,10400.0,petrol,5,113.0
maruti suzuki,dzire,"1.2l,4-cylinder,inline-4(i4)",1197.0,83,160,12.2,11400.0,diesel petrol,5,113.0
maruti suzuki,brezza,"1.5l,4-cylinder,inline(i4)",1462.0,103,180,11.5,14400.0,petrol,5,200.0
toyota,prius prime,"2.0l,4-cylinder,with hybrid system",1998.0,220,180,6.7,31100.0,hybrid in plug,5,220.0
toyota,gr corolla,"1.6l,turbocharged inline-3",1618.0,300,230,5.0,36995.0,petrol,5,370.0
toyota,land cruiser 300,"3.3l,v6,twin turbo diesel",3346.0,305,210,6.8,58500.0,diesel petrol,7,650.0
toyota,tundra i-force max,"3.5l,v6,hybrid twin-turbo",3445.0,437,180,6.2,56000.0,hybrid,5,750.0
toyota,corolla hatchback xse,"2.0l,inline-4",1987.0,169,190,8.2,25390.0,petrol,5,250.0
toyota,mirai,"hydrogen fuel cell,electric motor",1.24,152,180,9.0,49500.0,hydrogen,5,335.0
toyota,hilux gr sport,"2.8l,turbo,diesel",2755.0,224,170,10.0,50000.0,diesel petrol,5,500.0
toyota,alphard executive lounge,"2.5l,inline-4,hybrid,or 3.5l,v6",2494.0,296,180,8.5,60000.0,petrol,7,400.0
toyota,fortuner gr sport,"2.8l,turbo,diesel",2755.0,204,175,10.5,55000.0,diesel petrol,7,500.0
toyota,innova hycross,2.0l hybrid,1987.0,184,165,9.5,40000.0,hybrid,7,250.0
toyota,urban cruiser taisor,"1.5l,hybrid",1490.0,114,170,11.0,25000.0,petrol,5,130.0
toyota,aygo x,"1.0l,inline-3",998.0,71,160,14.8,18000.0,petrol,4,93.0
toyota,hilux revo rocco,"2.8l,turbo,diesel",2755.0,204,175,10.0,50000.0,diesel,5,500.0
toyota,proace verso electric,electric motor,75.0,136,130,13.5,55000.0,electric,7,280.0
toyota,century suv,"3.5l,v6,plug in hybrid",3456.0,406,200,6.0,170000.0,petrol,5,500.0
toyota,corolla sedan hybrid,"1.8l,hybrid",1798.0,134,180,10.0,24000.0,hybrid,5,300.0
toyota,bz3,electric motor,65.0,241,160,7.5,35000.0,electric,5,340.0
toyota,gr yaris,"1.6l,turbocharged inline-3",1618.0,268,230,5.5,45000.0,petrol,4,390.0
hyundai,santa fe,1.6l petrol + plug in hybrid system,1600.0,253,180,9.3,50000.0,hybrid petrol,7,420.0
hyundai,ioniq 5,electric motor,72.6,225,185,7.4,41000.0,electric,5,350.0
hyundai,santa cruz,2.5l turbocharged inline-4,2500.0,281,215,6.5,40799.0,petrol,5,400.0
hyundai,kona,1.6l petrol,1591.0,147,185,10.0,20500.0,ev petrol,5,400.0
hyundai,elantra,2.0l inline-4,2000.0,147,210,8.3,19950.0,hybrid petrol,5,250.0
hyundai,ioniq 6,electric motor,53.6,320,185,5.2,41450.0,electric,5,350.0
hyundai,tucson,2.5l inline-4,2500.0,187,180,6.1,30500.0,hybrid petrol,5,400.0
hyundai,palisade,3.8l v6,3800.0,291,240,6.3,52000.0,petrol,7,355.0
hyundai,sonata,2.5l inline-4,2500.0,191,240,8.0,25000.0,hybrid petrol,5,250.0
hyundai,accent,1.6l inline-4,1600.0,120,180,9.8,15000.0,petrol,5,151.0
hyundai,venue,1.6l inline-4,1600.0,121,180,9.5,18000.0,petrol,5,240.0
hyundai,kona electric,electric motor,39.2,200,200,6.1,40000.0,electric,5,395.0
hyundai,veloster,2.0l inline-4,2000.0,275,220,6.0,25000.0,petrol,4,264.0
hyundai,nexo,electric motor,1.56,161,180,7.8,38000.0,hydrogen,5,400.0
hyundai,ioniq,1.6l inline-4,1600.0,139,160,8.5,18000.0,electric hybrid,5,295.0
hyundai,genesis,3.8l v6,3800.0,291,240,6.3,52000.0,petrol,5,400.0
hyundai,azera,3.3l v6,3300.0,278,240,6.5,55000.0,petrol,5,250.0
hyundai,equus,3.3l v6,3300.0,278,240,6.5,55000.0,petrol,5,400.0
hyundai,tiburon,2.0l inline-4,2000.0,160,200,8.2,19000.0,petrol,4,320.0
hyundai,elantra gt,1.6l turbo gdi 4-cylinder,2000.0,160,200,8.3,22000.0,petrol,5,320.0
volkswagen,golf,1.5l turbo i4 / electric,1498.0,110,210,8.5,23000.0,petrol,5,250.0
volkswagen,passat,2.0l turbo i4,1984.0,150,210,7.8,25000.0,petrol,5,250.0
volkswagen,tiguan,2.0l turbo i4,1984.0,150,209,8.5,28505.0,hybrid petrol,7,300.0
volkswagen,jetta,1.5l turbo i4,1498.0,150,210,7.7,21995.0,petrol,5,250.0
volkswagen,polo,1.0l turbo i3 / 1.6l diesel,999.0,80,190,9.5,18000.0,petrol,5,175.0
volkswagen,arteon,2.0l turbo i4,1984.0,150,250,5.6,46000.0,petrol,5,350.0
volkswagen,id.4,electric,77.0,201,160,7.8,39735.0,electric,5,310.0
volkswagen,up!,electric,32.3,82,160,13.0,15000.0,petrol,4,95.0
volkswagen,touareg,3.0l v6 turbo diesel / 4.0l v8,2967.0,231,235,5.9,55000.0,diesel petrol,5,600.0
volkswagen,scirocco,2.0l turbo i4,1984.0,125,233,6.0,35000.0,petrol,4,350.0
volkswagen,beetle,2.0l turbo i4,1984.0,105,205,7.0,20000.0,petrol,4,240.0
volkswagen,amarok,3.0l v6 turbo diesel,2967.0,163,180,7.9,40000.0,diesel,5,550.0
volkswagen,t-roc,2.0l turbo i4,1984.0,115,205,7.2,30000.0,petrol,5,320.0
volkswagen,sharan,2.0l turbo i4,1984.0,150,200,9.3,33000.0,diesel petrol,7,280.0
volkswagen,caddy,1.5l turbo i4,1498.0,102,185,10.5,28000.0,diesel petrol,7,250.0
nissan,nv1500,4.0l v6,3954.0,261,160,9.5,33000.0,petrol,12,385.0
volkswagen,taigo,1.5l turbo i4,1498.0,95,183,10.0,24000.0,petrol,5,200.0
volkswagen,california,2.0l turbo i4,1984.0,150,180,13.0,70000.0,diesel,7,340.0
volkswagen,id.3,electric,58.0,204,160,7.3,35000.0,electric,5,310.0
volkswagen,id. buzz,electric,77.0,204,145,10.2,59995.0,electric,7,310.0
volkswagen,golf gti,2.0l turbo i4,1984.0,245,250,5.9,31965.0,petrol,5,350.0
volkswagen,golf r,2.0l turbo i4,1984.0,315,250,4.6,44640.0,petrol,5,420.0
volkswagen,passat alltrack,2.0l turbo diesel i4,1968.0,190,220,7.8,36000.0,diesel,5,400.0
volkswagen,polo gti,2.0l turbo i4,1984.0,204,238,6.7,28000.0,petrol,5,320.0
volkswagen,up! gti,1.0l turbo i3,999.0,115,196,8.8,20000.0,petrol,4,200.0
volkswagen,t-cross,1.0l turbo i3 / 1.5l turbo i4,999.0,95,200,10.2,25000.0,petrol,5,250.0
volkswagen,id.5,electric,77.0,174,180,8.4,45000.0,electric,5,310.0
volkswagen,id. buzz cargo,electric,77.0,204,145,10.2,55000.0,electric,3,310.0
volkswagen,touareg r,plug-in hybrid v6,2995.0,462,250,5.1,70000.0,hybrid,5,700.0
volkswagen,multivan,plug-in hybrid / diesel i4,1395.0,150,190,9.4,50000.0,hybrid petrol,7,350.0
volkswagen,polo bluemotion,1.2l diesel i3,1199.0,75,190,10.5,22000.0,diesel,5,250.0
volkswagen,golf sportsvan,1.5l turbo i4,1498.0,130,210,8.9,30000.0,petrol,5,250.0
volkswagen,golf alltrack,2.0l turbo diesel i4,1968.0,147,210,7.1,35000.0,petrol,5,350.0
volkswagen,scirocco r,2.0l turbo i4,1984.0,280,250,5.5,40000.0,petrol,4,350.0
volkswagen,tiguan allspace,2.0l turbo i4,1984.0,184,215,7.6,35000.0,petrol,7,320.0
volkswagen,arteon 4motion,2.0l turbo i4,1984.0,190,250,5.6,48000.0,petrol,5,350.0
volkswagen,id.4 gtx,electric awd,77.0,299,180,6.2,50000.0,electric,5,460.0
volkswagen,id.3 pro,electric,58.0,204,160,7.3,35000.0,electric,5,310.0
volkswagen,golf variant,1.5l turbo i4 / 2.0l diesel i4,1498.0,130,220,7.5,32000.0,petrol,5,320.0
volkswagen,crafter,2.0l turbo diesel i4,1968.0,102,160,13.0,40000.0,diesel,3,410.0
volkswagen,lupo,1.4l i3 gas / 1.2l diesel i3,1390.0,60,170,14.3,15000.0,petrol,4,120.0
volkswagen,corrado,2.9l vr6,2861.0,190,235,6.4,25000.0,petrol,4,245.0
volkswagen,phaeton,3.0l v6 diesel / 6.0l w12 gas,2967.0,240,250,6.1,85000.0,petrol,5,560.0
volkswagen,golf cabriolet,1.2l i4 turbo / 2.0l i4 turbo,1197.0,105,217,8.4,30000.0,petrol,4,200.0
volkswagen,santana,1.5l i4 gas,1498.0,110,190,12.9,15000.0,petrol,5,145.0
volkswagen,polo vivo,1.4l i4 gas / 1.6l i4 gas,1390.0,85,170,10.8,14000.0,petrol,5,132.0
volkswagen,karmann ghia,1.2l i4 gas,1192.0,34,138,23.0,25000.0,petrol,2,106.0
volkswagen,fox,1.2l i4 gas / 1.4l i4 gas,1198.0,55,148,17.5,12000.0,petrol,5,93.0
volkswagen,vento,1.6l i4 gas / diesel,1598.0,105,186,11.7,18000.0,petrol,5,153.0
volkswagen,golf electric,electric,35.8,136,140,10.4,33000.0,electric,5,290.0
volkswagen,bora,1.6l i4 gas / 1.9l i4 diesel,1598.0,100,200,9.4,20000.0,petrol,5,220.0
volkswagen,teramont,2.0l i4 turbo / 3.6l v6 gas,1984.0,235,190,8.6,32000.0,petrol,7,350.0
volkswagen,taos,1.5l i4 turbo,1498.0,158,193,8.4,24000.0,petrol,5,250.0
volkswagen,up! cabriolet,1.0l i3 turbo,999.0,82,160,12.4,18000.0,petrol,4,95.0
volkswagen,t-roc cabriolet,1.0l i3 turbo / 1.5l i4 turbo,999.0,115,205,9.6,35000.0,petrol,4,250.0
volkswagen,passat cc,2.0l i4 turbo,1984.0,200,240,7.3,40000.0,petrol,5,280.0
volkswagen,transporter,2.0l i4 turbo diesel,1968.0,102,180,12.2,35000.0,diesel,9,340.0
volkswagen,amarok v6,3.0l v6 turbo diesel,2967.0,204,191,7.9,45000.0,diesel,5,580.0
volkswagen,id.2,electric,50.0,170,160,8.0,25000.0,electric,5,220.0
volkswagen,polo tdi,1.4l i4 diesel / 1.6l diesel,1390.0,75,190,9.9,20000.0,diesel,5,250.0
volkswagen,golf gte,plug-in hybrid (1.4l i4 turbo),1395.0,204,222,7.6,40000.0,hybrid,5,350.0
volkswagen,touareg v8,4.0l v8 turbo diesel,3956.0,421,250,4.9,70000.0,petrol,5,770.0
volkswagen,beetle dune,1.4l i4 turbo,1395.0,150,200,7.5,30000.0,petrol,4,250.0
volkswagen,passat b8,1.5l i4 turbo / 2.0l diesel,1498.0,150,210,8.7,28000.0,petrol,5,250.0
volkswagen,id.4 pro s,electric,77.0,201,180,7.8,45000.0,electric,5,310.0
volkswagen,golf cabriolet,1.2l i4 turbo / 2.0l i4 turbo,1197.0,105,217,8.4,30000.0,petrol,4,200.0
volkswagen,golf country,1.8l i4 gas,1781.0,98,165,12.0,25000.0,petrol,5,170.0
volkswagen,jetta gli,2.0l i4 turbo,1984.0,228,250,6.5,31000.0,petrol,5,350.0
volkswagen,arteon shooting brake,2.0l i4 turbo,1984.0,150,250,5.6,50000.0,petrol,5,420.0
volkswagen,t-cross r-line,1.0l i3 turbo / 1.5l i4 turbo,999.0,115,200,8.5,27000.0,petrol,5,250.0
volkswagen,golf r32,3.2l vr6,3189.0,240,250,6.2,40000.0,petrol,5,320.0
volkswagen,passat b7,1.6l diesel / 2.0l i4 turbo,1598.0,120,220,8.5,26000.0,petrol,5,280.0
volkswagen,scirocco 16v,1.8l i4 gas,1781.0,137,220,7.1,35000.0,petrol,4,230.0
volkswagen,polo bluemotion,1.2l diesel i3,1199.0,75,190,10.5,20000.0,diesel,5,210.0
volkswagen,golf variant gtd,2.0l diesel i4,1968.0,184,230,7.5,38000.0,diesel,5,380.0
volkswagen,polo gti r5,1.6l turbocharged rally engine,1598.0,272,200,4.1,45000.0,petrol,5,400.0
volkswagen,id. buzz pro,electric,77.0,204,145,10.2,60000.0,electric,7,310.0
volkswagen,jetta hybrid,1.4l i4 turbo + electric motor,1395.0,170,210,8.6,28000.0,hybrid,5,250.0
volkswagen,golf variant alltrack,2.0l diesel i4,1968.0,150,220,7.8,35000.0,petrol,5,320.0
volkswagen,volkswagen xl1,plug-in hybrid (0.8l i2 diesel),800.0,68,160,11.9,150000.0,hybrid,2,140.0
volkswagen,golf tdi,2.0l diesel i4,1968.0,150,220,8.0,28000.0,diesel,5,350.0
volkswagen,passat variant,1.5l i4 turbo / 2.0l diesel,1498.0,150,220,8.5,30000.0,petrol,5,280.0
volkswagen,polo gti clubsport,2.0l i4 turbo,1984.0,300,240,6.7,30000.0,petrol,5,320.0
volkswagen,jetta hybrid,1.4l i4 turbo + electric motor,1395.0,170,210,8.6,28000.0,hybrid,5,250.0
volkswagen,id.3 gtx,electric,77.0,299,180,6.2,45000.0,electric,5,310.0
volkswagen,arteon r-line,2.0l i4 turbo,1984.0,190,250,5.6,50000.0,petrol,5,420.0
volkswagen,golf tgi,1.5l i4 cng,1498.0,130,220,8.8,30000.0,petrol,5,200.0
volkswagen,scirocco gts,2.0l i4 turbo,1984.0,220,246,6.5,35000.0,petrol,4,350.0
volkswagen,caddy maxi,2.0l diesel i4,1968.0,122,180,12.0,25000.0,diesel,7,250.0
volkswagen,volkswagen lupo 3l,1.2l diesel i3,1199.0,61,165,14.5,20000.0,diesel,4,140.0
volkswagen,polo beats,1.0l i3 turbo,999.0,95,187,9.5,22000.0,petrol,5,175.0
volkswagen,passat hybrid,1.4l i4 turbo + electric motor,1395.0,215,210,7.4,32000.0,hybrid,5,330.0
volkswagen,golf tcr,2.0l i4 turbo,1984.0,290,250,5.6,40000.0,petrol,5,370.0
volkswagen,tiguan r-line,2.0l i4 turbo,1984.0,190,250,4.9,45000.0,petrol,5,420.0
volkswagen,sharan business,2.0l diesel i4,1968.0,150,200,8.3,35000.0,diesel,7,350.0
volkswagen,id. buzz cargo pro,electric,77.0,204,145,10.2,55000.0,electric,2,310.0
volkswagen,arteon 280 tsi,2.0l i4 turbo,1984.0,280,250,5.6,50000.0,petrol,5,350.0
volkswagen,jetta gli 35th,2.0l i4 turbo,1984.0,228,250,6.5,31000.0,petrol,5,350.0
volkswagen,beetle final edition,2.0l i4 turbo,1984.0,174,205,7.0,25000.0,petrol,4,250.0
volkswagen,golf variant tdi,2.0l diesel i4,1968.0,150,220,7.8,30000.0,diesel,5,350.0
volkswagen,golf 4motion,2.0l diesel i4,1968.0,150,250,4.9,40000.0,petrol,5,400.0
volkswagen,jetta sportwagen,1.4l i4 turbo / 2.0l diesel i4,1395.0,147,200,8.5,27000.0,petrol,5,250.0
volkswagen,polo gti plus,2.0l i4 turbo,1984.0,207,237,6.7,30000.0,petrol,5,320.0
volkswagen,touareg v6,3.0l v6 turbo diesel / gasoline,2967.0,231,235,7.5,60000.0,petrol,5,450.0
volkswagen,tiguan ehybrid,1.4l i4 turbo + electric motor,1395.0,245,200,7.5,42000.0,hybrid,5,400.0
volkswagen,up! e-up!,electric,32.3,83,130,11.9,23000.0,electric,4,210.0
volkswagen,amarok v8,4.0l v8 turbo diesel,3996.0,310,210,7.4,70000.0,diesel,5,580.0
volkswagen,golf r cabriolet,2.0l i4 turbo,1984.0,265,250,5.9,45000.0,petrol,4,380.0
volkswagen,passat alltrack tdi,2.0l diesel i4,1968.0,190,220,8.0,40000.0,diesel,5,400.0
volkswagen,id. buzz cargo ev,electric,77.0,204,145,10.2,55000.0,electric,2,310.0
nissan,versa,1.6l inline-4,1598.0,122,180,10.4,16700.0,petrol,5,154.0
nissan,micra,1.0l turbocharged inline-3,999.0,100,175,10.8,15500.0,petrol,5,160.0
nissan,patrol platinum,5.6l v8,5552.0,400,210,7.3,77000.0,petrol,7,560.0
nissan,qashqai,1.3l turbocharged inline-4,1332.0,156,195,8.9,26000.0,petrol,5,260.0
nissan,murano,3.5l v6,3498.0,260,210,7.5,39000.0,petrol,5,325.0
nissan,maxima platinum,3.5l v6,3498.0,300,220,6.2,45000.0,petrol,5,353.0
nissan,armada,5.6l v8,5552.0,400,210,6.5,51000.0,petrol,8,560.0
nissan,kicks,1.6l inline-4,1598.0,122,180,10.7,20000.0,petrol,5,154.0
nissan,x-trail,1.5l turbocharged inline-3,1498.0,201,200,8.0,29000.0,hybrid,5,305.0
nissan,z (fairlady z),3.0l twin-turbo v6,2997.0,400,250,4.5,40000.0,petrol,2,475.0
nissan,almera,1.0l turbocharged inline-3,999.0,100,185,10.7,14500.0,petrol,5,160.0
nissan,sylphy,1.8l inline-4,1798.0,137,190,9.6,18000.0,petrol,5,174.0
nissan,note,1.2l inline-3 hybrid,1198.0,109,170,11.5,16000.0,hybrid,5,150.0
nissan,sunny,1.6l inline-4,1598.0,118,180,11.0,15000.0,petrol,5,156.0
nissan,cube,1.8l inline-4,1798.0,122,175,10.6,14500.0,petrol,5,171.0
nissan,juke,1.0l turbocharged inline-3,999.0,117,180,10.4,25000.0,petrol,5,180.0
nissan,terrano,1.5l inline-4 diesel,1461.0,110,168,13.5,15500.0,diesel,5,248.0
nissan,magnite,1.0l turbocharged inline-3,999.0,100,160,13.0,12000.0,petrol,5,160.0
nissan,xterra,4.0l v6,3954.0,261,200,7.8,35000.0,petrol,7,381.0
nissan,patrol,5.6l v8,5552.0,400,210,7.3,77000.0,petrol,7,560.0
nissan,gt-r nismo,3.8l twin-turbo v6,3799.0,600,330,2.9,220000.0,petrol,2,652.0
nissan,370z roadster,3.7l v6,3696.0,332,250,5.5,41820.0,petrol,2,366.0
nissan,ariya,dual electric motors,87.0,389,200,5.1,58950.0,electric,5,600.0
nissan,patrol royale,5.6l v8,5552.0,400,210,6.6,85000.0,petrol,7,560.0
nissan,infiniti qx80*,5.6l v8,5552.0,400,210,6.5,70600.0,petrol,7,560.0
nissan,tiida,1.6l inline-4,1598.0,126,190,10.1,14500.0,petrol,5,154.0
nissan,pulsar,1.2l turbocharged inline-4,1197.0,115,190,10.7,19000.0,petrol,5,190.0
nissan,latio,1.5l inline-4,1498.0,102,175,11.5,13000.0,petrol,5,139.0
nissan,bluebird sylphy,2.0l inline-4,1997.0,133,185,10.5,18500.0,petrol,5,191.0
nissan,march,1.2l inline-3,1198.0,79,170,13.7,12000.0,petrol,5,106.0
nissan,rogue sport,2.0l inline-4,1997.0,141,190,9.8,24960.0,petrol,5,199.0
nissan,x-trail hybrid,2.0l inline-4 hybrid,1997.0,179,180,9.4,28500.0,hybrid,5,207.0
nissan,pathfinder rock creek,3.5l v6,3498.0,284,190,7.4,42820.0,petrol,7,351.0
nissan,armada platinum,5.6l v8,5552.0,400,210,6.5,65300.0,petrol,8,560.0
nissan,terrano xl,1.6l inline-4,1598.0,104,165,12.5,14000.0,petrol,5,145.0
nissan,gt-r50 by italdesign,3.8l twin-turbo v6,3799.0,720,315,2.5,1100000.0,petrol,2,780.0
nissan,370z nismo,3.7l v6,3696.0,350,250,5.2,45790.0,petrol,2,374.0
nissan,ariya e-4orce,dual electric motors,87.0,389,200,5.1,60000.0,electric,5,600.0
nissan,patrol nismo,5.6l v8,5552.0,428,210,6.5,105000.0,petrol,7,560.0
nissan,infiniti q60*,3.0l v6 twin-turbo,2997.0,300,250,5.0,41750.0,petrol,4,400.0
nissan,primera,2.0l inline-4,1998.0,140,200,9.6,20000.0,petrol,5,190.0
nissan,skyline,3.0l v6 twin-turbo,2997.0,400,250,5.0,50000.0,petrol,5,475.0
nissan,cedric,2.0l inline-6,1998.0,150,190,10.5,22000.0,petrol,5,190.0
nissan,gloria,2.5l v6,2498.0,210,210,8.6,30000.0,petrol,5,250.0
nissan,stanza,1.8l inline-4,1796.0,120,175,11.0,18500.0,petrol,5,170.0
nissan,patrol super safari,4.8l inline-6,4750.0,280,190,8.2,55000.0,petrol,7,451.0
nissan,pathfinder hybrid,2.5l inline-4 hybrid,2488.0,250,190,7.7,42500.0,hybrid,7,329.0
nissan,x-terra pro-4x,2.5l inline-4,2498.0,190,175,10.8,40000.0,petrol,7,240.0
nissan,rogue platinum,1.5l turbo inline-3,1497.0,201,180,8.2,38000.0,petrol,5,300.0
nissan,qashqai tekna,1.3l turbo hybrid inline-4,1332.0,158,190,9.2,36000.0,hybrid,5,270.0
nissan,gt-r v-spec,3.8l twin-turbo v6,3799.0,600,330,2.8,175000.0,petrol,2,652.0
nissan,skyline nismo,3.0l twin-turbo v6,2997.0,420,270,4.7,55000.0,petrol,5,475.0
nissan,ariya lounge edition,dual electric motors,87.0,389,200,5.1,63000.0,electric,5,600.0
nissan,patrol titanium,5.6l v8,5552.0,428,210,6.5,98000.0,petrol,7,560.0
nissan,infiniti fx50*,5.0l v8,5026.0,390,250,5.6,61750.0,petrol,5,500.0
nissan,avenir,2.0l inline-4,1998.0,140,180,9.8,20000.0,petrol,5,186.0
nissan,wingroad,1.8l inline-4,1798.0,125,175,10.8,18000.0,petrol,5,168.0
nissan,presea,1.8l inline-4,1838.0,115,170,11.5,17500.0,petrol,5,161.0
nissan,leopard,3.0l v6,2960.0,210,200,8.4,32000.0,petrol,5,265.0
nissan,sunny nismo edition,1.6l turbo inline-4,1598.0,190,200,7.5,24000.0,petrol,5,240.0
nissan,paladin,2.4l inline-4,2438.0,150,180,10.6,20000.0,petrol,5,217.0
nissan,hardbody suv,2.5l inline-4,2498.0,158,175,11.0,18500.0,petrol,5,225.0
nissan,patrol desert edition,5.6l v8,5552.0,428,210,6.5,95000.0,petrol,7,560.0
nissan,pathfinder armada,5.6l v8,5552.0,400,200,6.5,60000.0,petrol,7,560.0
nissan,rogue midnight edition,1.5l turbo inline-3,1497.0,201,180,8.2,39000.0,petrol,5,300.0
nissan,gt-r black edition,3.8l twin-turbo v6,3799.0,600,330,2.8,185000.0,petrol,2,652.0
nissan,fairlady z heritage,3.0l twin-turbo v6,2997.0,400,250,4.2,48000.0,petrol,2,475.0
nissan,skyline gt-r r34,2.6l twin-turbo inline-6,2568.0,276,250,5.6,70000.0,petrol,4,392.0
nissan,ariya premiere,dual electric motors,87.0,389,200,5.1,67000.0,electric,5,600.0
nissan,infiniti qx55*,2.0l vc-turbo inline-4,1997.0,268,230,6.5,50000.0,petrol,5,380.0
nissan,nv350 caravan,2.5l inline-4 diesel,2488.0,129,155,12.5,28000.0,diesel,8,356.0
nissan,navara,2.3l inline-4 diesel,2298.0,190,180,10.2,32000.0,diesel,5,450.0
nissan,titan xd,5.6l v8,5552.0,400,195,6.9,55000.0,petrol,6,560.0
nissan,evalia,1.5l inline-4 diesel,1461.0,85,140,15.0,25000.0,diesel,7,200.0
nissan,cabstar,2.5l inline-4 diesel,2488.0,130,145,14.8,27000.0,diesel,3,350.0
nissan,cherry,1.4l inline-4,1397.0,67,145,14.0,14000.0,petrol,5,110.0
nissan,laurel,2.8l inline-6 diesel,2825.0,94,160,12.5,22000.0,diesel,5,184.0
nissan,silvia,2.0l turbo inline-4,1998.0,247,235,5.9,45000.0,petrol,4,275.0
nissan,nx coupe,2.0l inline-4,1998.0,140,200,9.0,22000.0,petrol,4,180.0
nissan,ad wagon,1.5l inline-4,1498.0,105,165,12.3,16000.0,petrol,5,150.0
nissan,patrol super safari y61,4.8l inline-6,4750.0,280,190,8.2,58000.0,petrol,7,451.0
nissan,pathfinder rock creek edition,3.5l v6,3498.0,284,195,7.2,44000.0,petrol,7,351.0
nissan,terrano ii,2.7l inline-4 diesel,2664.0,125,160,12.9,28000.0,diesel,5,278.0
nissan,murano crosscabriolet,3.5l v6,3498.0,260,195,7.6,47000.0,petrol,4,325.0
nissan,x-trail tekna,1.5l turbo hybrid,1497.0,204,190,8.0,43000.0,hybrid,5,305.0
nissan,gt-r lm nismo,3.0l twin-turbo v6 hybrid,3000.0,500,320,3.0,600000.0,hybrid,2,650.0
nissan,skyline 400r,3.0l twin-turbo v6,2997.0,400,250,4.5,70000.0,petrol,5,475.0
nissan,infiniti g37*,3.7l v6,3696.0,328,250,5.5,42000.0,petrol,5,365.0
nissan,patrol black edition,5.6l v8,5552.0,400,200,6.5,85000.0,petrol,7,560.0
nissan,ariya empower+,dual electric motors,87.0,389,200,5.1,68000.0,electric,5,600.0
nissan,datsun 510 (classic),1.6l inline-4,1595.0,96,175,10.2,25000.0,petrol,4,135.0
nissan,200sx,2.0l turbo inline-4,1998.0,200,240,7.2,30000.0,petrol,4,265.0
nissan,300zx,3.0l twin-turbo v6,2960.0,300,250,5.9,50000.0,petrol,4,384.0
nissan,r390 gt1 road car,3.5l twin-turbo v8,3495.0,550,354,3.3,1000000.0,petrol,2,637.0
nissan,figaro,1.0l turbo inline-4,987.0,76,170,12.8,20000.0,petrol,4,103.0
nissan,hardbody truck,2.4l inline-4,2389.0,134,160,10.6,25000.0,petrol,5,206.0
nissan,atlas,3.0l inline-4 diesel,2999.0,130,130,18.0,35000.0,diesel,3,300.0
nissan,clipper,660cc inline-3,659.0,48,110,18.5,10000.0,petrol,4,62.0
nissan,nv200,2.0l inline-4,1998.0,131,140,14.0,28000.0,petrol,7,188.0
nissan,violet,1.8l inline-4,1770.0,85,155,13.8,18000.0,petrol,5,130.0
nissan,bluebird z,2.0l inline-4,1998.0,140,190,11.0,23000.0,petrol,5,180.0
nissan,stanza wagon,2.4l inline-4,2389.0,138,160,12.0,22000.0,petrol,7,205.0
nissan,180sx,2.0l turbo inline-4,1998.0,205,240,6.8,35000.0,petrol,4,275.0
nissan,sunny california,1.6l inline-4,1597.0,110,170,11.0,18000.0,petrol,5,140.0
nissan,patrol warrior,5.6l v8,5552.0,428,205,6.3,95000.0,petrol,7,580.0
nissan,pathfinder armada platinum,5.6l v8,5552.0,400,190,6.8,70000.0,petrol,7,560.0
nissan,rogue sport sl,2.0l inline-4,1998.0,141,190,9.0,32000.0,petrol,5,195.0
nissan,x-trail platinum edition,1.5l turbo hybrid,1497.0,204,190,8.0,46000.0,hybrid,5,305.0
nissan,qashqai e-power,1.5l hybrid,1497.0,187,200,7.5,40000.0,hybrid,5,330.0
nissan,gt-r egoist,3.8l twin-turbo v6,3799.0,565,315,2.8,220000.0,petrol,2,637.0
nissan,infiniti m45*,4.5l v8,4494.0,325,250,5.8,50000.0,petrol,5,451.0
nissan,skyline 50th anniversary,3.0l twin-turbo v6,2997.0,400,250,4.5,75000.0,petrol,5,475.0
nissan,ariya dual motor awd,dual electric motors,87.0,389,200,5.1,70000.0,electric,5,600.0
nissan,patrol legend edition,5.6l v8,5552.0,428,205,6.3,95000.0,petrol,7,580.0
nissan,datsun 240z (classic),2.4l inline-6,2393.0,151,210,8.0,45000.0,petrol,2,198.0
nissan,100nx,1.6l inline-4,1597.0,110,185,9.6,18000.0,petrol,4,135.0
nissan,cedric special edition,3.0l v6,2960.0,250,225,8.5,60000.0,petrol,5,330.0
nissan,300zx turbo,3.0l twin-turbo v6,2960.0,300,250,5.9,55000.0,petrol,4,384.0
nissan,silvia s15 spec-r,2.0l turbo inline-4,1998.0,250,240,5.6,35000.0,petrol,4,300.0
nissan,nv400,2.3l inline-4 diesel,2298.0,135,150,15.0,40000.0,diesel,3,360.0
nissan,titan warrior,5.6l v8,5552.0,400,180,7.0,55000.0,petrol,5,560.0
nissan,caravan coach,2.5l inline-4 diesel,2498.0,127,140,14.0,30000.0,diesel,7,260.0
nissan,serena e-power,1.2l hybrid,1198.0,134,160,12.0,35000.0,hybrid,7,320.0
nissan,elgrand,3.5l v6,3498.0,280,200,8.5,50000.0,petrol,7,344.0
nissan,datsun 510,1.6l inline-4,1595.0,96,175,10.2,25000.0,petrol,4,135.0
nissan,prairie,2.0l inline-4,1998.0,120,175,11.0,18000.0,petrol,5,170.0
nissan,pulsar gti-r,2.0l turbo inline-4,1998.0,230,225,6.0,30000.0,petrol,5,280.0
nissan,almera tino,1.8l inline-4,1769.0,114,180,12.5,15000.0,petrol,5,160.0
nissan,lucino,1.6l inline-4,1597.0,115,185,10.5,12000.0,petrol,5,150.0
nissan,rasheen,1.5l inline-4,1497.0,105,165,13.0,10000.0,petrol,5,135.0
nissan,mistral,2.7l turbo diesel,2663.0,125,160,12.5,25000.0,diesel,7,260.0
nissan,patrol y60,4.2l inline-6,4169.0,155,160,12.0,45000.0,diesel,7,330.0
nissan,x-trail gt,2.0l turbo inline-4,1998.0,280,215,6.4,38000.0,petrol,5,310.0
nissan,terrano regulus,3.3l v6,3275.0,170,175,10.0,28000.0,petrol,5,290.0
nissan,president,4.5l v8,4494.0,280,210,7.5,70000.0,petrol,5,400.0
nissan,cima,4.1l v8,4130.0,270,210,8.0,60000.0,petrol,5,390.0
nissan,leopard j. ferie,3.0l v6 turbo,2960.0,255,215,6.5,45000.0,petrol,5,340.0
nissan,gloria gran turismo,3.0l v6 turbo,2960.0,255,220,6.5,50000.0,petrol,5,340.0
nissan,infiniti q45*,4.5l v8,4494.0,340,240,6.2,50000.0,petrol,5,450.0
nissan,datsun 240z,2.4l inline-6,2393.0,151,210,8.0,45000.0,petrol,2,198.0
nissan,280zx,2.8l inline-6,2753.0,145,205,9.5,35000.0,petrol,2,210.0
nissan,silvia s13,1.8l turbo inline-4,1809.0,175,215,6.8,20000.0,petrol,4,230.0
nissan,200sx,2.0l turbo inline-4,1998.0,200,225,7.0,25000.0,petrol,4,260.0
nissan,nx coupe,1.8l inline-4,1839.0,140,200,9.0,18000.0,petrol,4,180.0
nissan,nv2500,4.0l v6,3954.0,261,160,10.0,36000.0,petrol,2,385.0
nissan,nv3500,5.6l v8,5552.0,375,170,9.0,42000.0,petrol,2,525.0
nissan,nt400 cabstar,3.0l inline-4 diesel,2953.0,150,140,15.0,35000.0,diesel,3,350.0
porsche,panamera,2.9l v6 twin turbo,2894.0,330,270,5.6,88000.0,petrol,4,450.0
porsche,panamera 4,2.9l v6 twin turbo,2894.0,330,270,5.4,92000.0,petrol,4,450.0
porsche,panamera 4s,2.9l v6 twin turbo,2894.0,440,289,4.4,105000.0,petrol,4,550.0
porsche,panamera turbo s,4.0l v8 twin turbo,3996.0,620,315,3.1,180000.0,petrol,4,820.0
porsche,panamera gts,4.0l v8 twin turbo,3996.0,473,300,3.9,130000.0,petrol,4,620.0
porsche,panamera platinum edition,2.9l v6 twin turbo,2894.0,330,270,5.4,102000.0,petrol,4,450.0
porsche,panamera e-hybrid,2.9l v6 + electric motor,17.9,455,280,4.4,115000.0,hybrid petrol,4,700.0
porsche,panamera 4 e-hybrid sport turismo,2.9l v6 + electric motor,17.9,455,280,4.4,120000.0,hybrid petrol,4,700.0
porsche,panamera turbo s e-hybrid,4.0l v8 + electric motor,17.9,690,315,3.2,190000.0,hybrid petrol,4,870.0
porsche,panamera 4 executive,2.9l v6 twin turbo,2894.0,330,270,5.6,95000.0,petrol,4,450.0
porsche,cayenne,3.0l v6 turbo,2995.0,335,245,5.9,80000.0,petrol,5,450.0
porsche,cayenne coupe,3.0l v6 turbo,2995.0,335,245,6.0,85000.0,petrol,5,450.0
porsche,cayenne s,2.9l v6 twin turbo,2894.0,434,265,5.0,95000.0,petrol,5,550.0
porsche,cayenne turbo,4.0l v8 twin turbo,3996.0,541,286,4.0,130000.0,petrol,5,770.0
porsche,cayenne gts,4.0l v8 twin turbo,3996.0,453,270,4.5,110000.0,petrol,5,620.0
porsche,cayenne turbo s e-hybrid,4.0l v8 + electric motor,17.9,670,295,3.6,170000.0,hybrid petrol,5,900.0
porsche,macan,2.0l i4 turbo,1984.0,261,232,6.2,60000.0,petrol,5,400.0
porsche,macan s,2.9l v6 twin turbo,2894.0,375,259,4.8,75000.0,petrol,5,520.0
porsche,macan gts,2.9l v6 twin turbo,2894.0,434,272,4.5,85000.0,petrol,5,550.0
porsche,macan t,2.0l i4 turbo,1984.0,261,232,6.2,65000.0,petrol,5,400.0
porsche,911 carrera,3.0l flat-6 twin turbo,2981.0,379,293,4.2,110000.0,petrol,4,450.0
porsche,911 carrera s,3.0l twin-turbo flat-6,2981.0,443,308,3.5,131300.0,petrol,4,528.0
porsche,911 carrera 4,3.0l twin-turbo flat-6,2981.0,379,293,4.2,106500.0,petrol,4,450.0
porsche,911 carrera 4s,3.0l twin-turbo flat-6,2981.0,443,306,3.4,113300.0,petrol,4,528.0
porsche,911 targa 4,3.0l twin-turbo flat-6,2981.0,379,289,4.4,121300.0,petrol,4,450.0
porsche,911 turbo,3.8l twin-turbo flat-6,3745.0,572,320,2.7,197200.0,petrol,4,750.0
porsche,911 turbo s,3.8l twin-turbo flat-6,3745.0,640,330,2.6,230400.0,petrol,4,800.0
porsche,911 gt3,4.0l naturally aspirated flat-6,3996.0,502,318,3.4,161100.0,petrol,2,469.0
porsche,911 gt3 rs,4.0l naturally aspirated flat-6,3996.0,518,296,3.2,241300.0,petrol,2,465.0
porsche,911 dakar,3.0l twin-turbo flat-6,2981.0,473,240,3.4,222000.0,petrol,2,570.0
porsche,taycan,dual electric motors,79.2,402,230,5.4,86700.0,electric,4,344.0
porsche,taycan 4s,dual electric motors,79.2,522,250,4.0,103800.0,electric,4,640.0
porsche,taycan turbo,dual electric motors,93.4,670,260,3.2,150900.0,electric,4,850.0
porsche,taycan turbo s,dual electric motors,93.4,750,260,2.8,185000.0,electric,4,1050.0
porsche,taycan gts,dual electric motors,93.4,590,250,3.5,132750.0,electric,4,850.0
porsche,taycan cross turismo,dual electric motors,93.4,469,220,4.8,97700.0,electric,5,500.0
porsche,taycan sport turismo,dual electric motors,79.2,509,240,4.1,104000.0,electric,5,650.0
porsche,718 cayman,2.0l turbocharged flat-4,1988.0,300,275,4.9,63400.0,petrol,2,380.0
porsche,718 cayman s,2.5l turbocharged flat-4,2497.0,350,285,4.4,75400.0,petrol,2,420.0
porsche,718 cayman gt4,4.0l naturally aspirated flat-6,3995.0,414,302,4.2,100200.0,petrol,2,420.0
porsche,718 cayman gt4 rs,4.0l naturally aspirated flat-6,3996.0,493,315,3.2,141700.0,petrol,2,450.0
porsche,718 boxster,2.0l turbo flat-4,1988.0,300,275,4.9,65500.0,petrol,2,380.0
porsche,718 boxster t,2.0l turbo flat-4,1988.0,300,275,4.7,69600.0,petrol,2,380.0
porsche,718 boxster gts,4.0l naturally aspirated flat-6,3995.0,394,293,4.3,90300.0,petrol,2,430.0
porsche,718 spyder,4.0l naturally aspirated flat-6,3995.0,414,301,4.1,98300.0,petrol,2,420.0
porsche,panamera base,2.9l twin-turbo v6,2894.0,325,265,5.6,92300.0,petrol,4,450.0
porsche,panamera 4 e-hybrid,2.9l twin-turbo v6 + electric motor,2894.0,462,280,4.4,113300.0,hybrid,4,700.0
porsche,panamera 4 sport turismo,2.9l twin-turbo v6,2894.0,325,265,5.5,101400.0,petrol,4,450.0
porsche,panamera turbo s e-hybrid sport turismo,4.0l twin-turbo v8 + electric motor,3996.0,690,315,3.2,200200.0,hybrid,4,870.0
porsche,panamera 4s e-hybrid executive,2.9l twin-turbo v6 + electric motor,2894.0,560,295,3.7,128900.0,hybrid,4,750.0
porsche,panamera platinum edition,2.9l twin-turbo v6,2894.0,325,265,5.6,98300.0,petrol,4,450.0
porsche,panamera gts sport turismo,4.0l twin-turbo v8,3996.0,473,300,3.9,136900.0,petrol,4,620.0
porsche,panamera turbo executive,4.0l twin-turbo v8,3996.0,550,306,3.8,175200.0,petrol,4,770.0
porsche,panamera turbo s exclusive series,4.0l twin-turbo v8,3996.0,570,310,3.8,290000.0,petrol,4,800.0
porsche,panamera 4s,2.9l twin-turbo v6,2894.0,443,289,4.1,105000.0,petrol,4,550.0
porsche,macan base,2.0l turbo inline-4,1984.0,265,232,6.4,58000.0,petrol,5,400.0
porsche,macan t,2.0l turbo inline-4,1984.0,265,233,6.2,63000.0,petrol,5,400.0
porsche,macan s,2.9l twin-turbo v6,2894.0,375,259,4.6,70400.0,petrol,5,520.0
porsche,macan gts,2.9l twin-turbo v6,2894.0,434,272,4.3,82900.0,petrol,5,550.0
porsche,macan ev,dual electric motors,95.0,603,240,4.0,85000.0,electric,5,750.0
porsche,cayenne base,3.0l turbocharged v6,2995.0,335,245,5.9,72200.0,petrol,5,450.0
porsche,cayenne e-hybrid,3.0l v6 + electric motor,2995.0,455,253,4.8,91000.0,hybrid,5,700.0
porsche,cayenne s coupe,2.9l twin-turbo v6,2894.0,434,263,4.7,94300.0,petrol,4,550.0
porsche,cayenne turbo gt,4.0l twin-turbo v8,3996.0,631,300,3.3,182150.0,petrol,4,850.0
porsche,cayenne platinum edition,3.0l turbocharged v6,2995.0,335,245,5.8,79000.0,petrol,5,450.0
porsche,cayenne turbo s e-hybrid coupe,4.0l twin-turbo v8 + electric motor,3996.0,670,295,3.6,167800.0,hybrid,4,900.0
porsche,cayenne gts coupe,4.0l twin-turbo v8,3996.0,453,270,4.5,111200.0,petrol,4,620.0
porsche,cayenne diesel (regional markets),3.0l turbo diesel v6,2967.0,262,221,7.3,69000.0,diesel,5,580.0
porsche,cayenne s hybrid,3.0l v6 + electric motor,2995.0,380,242,6.5,85500.0,hybrid,5,580.0
porsche,cayenne coupe turbo e-hybrid,4.0l twin-turbo v8 + electric motor,3996.0,728,295,3.6,182900.0,hybrid,4,950.0
porsche,taycan base,dual electric motors,79.2,321,230,5.4,86700.0,electric,4,345.0
cadillac,ct4,2.0l turbo inline-4 gasoline,2000.0,237,250,6.0,34395.0,petrol,5,350.0
cadillac,ct4-v,2.7l turbo inline-4 gasoline,2700.0,325,260,4.9,46595.0,petrol,5,500.0
cadillac,ct5,2.0l turbo inline-4 gasoline,2000.0,237,240,6.6,38195.0,petrol,5,350.0
cadillac,ct5-v,3.0l twin-turbo v6 gasoline,3000.0,360,250,4.6,50995.0,petrol,5,550.0
porsche,taycan cross turismo 4,dual electric motors,93.4,375,240,5.1,94800.0,electric,4,500.0
porsche,taycan cross turismo gts,dual electric motors,93.4,590,250,3.8,139400.0,electric,4,620.0
porsche,taycan sport turismo base,dual electric motors,79.2,375,230,5.4,90500.0,electric,4,500.0
porsche,taycan sport turismo gts,dual electric motors,93.4,590,250,3.7,136700.0,electric,4,620.0
porsche,taycan turbo s cross turismo,dual electric motors,93.4,750,260,2.9,190000.0,electric,4,1050.0
porsche,911 carrera base,3.0l twin-turbo flat-6,2981.0,379,293,4.2,106100.0,petrol,4,450.0
porsche,911 carrera s cabriolet,3.0l twin-turbo flat-6,2981.0,443,304,3.9,129900.0,petrol,4,530.0
porsche,911 carrera 4,3.0l twin-turbo flat-6,2981.0,379,293,4.4,113300.0,petrol,4,450.0
porsche,911 carrera 4 gts,3.0l twin-turbo flat-6,2981.0,473,311,3.3,137000.0,petrol,4,570.0
porsche,911 targa 4 gts,3.0l twin-turbo flat-6,2981.0,473,307,3.5,157300.0,petrol,4,570.0
porsche,911 turbo cabriolet,3.8l twin-turbo flat-6,3745.0,572,320,2.9,184100.0,petrol,4,750.0
porsche,911 turbo s coupe,3.8l twin-turbo flat-6,3745.0,640,330,2.7,207000.0,petrol,4,800.0
porsche,911 gt3 touring,4.0l naturally aspirated flat-6,3996.0,502,318,3.9,170000.0,petrol,2,470.0
porsche,911 gt3 rs clubsport,4.0l naturally aspirated flat-6,3996.0,525,296,3.2,223800.0,petrol,2,465.0
porsche,911 dakar limited edition,3.0l twin-turbo flat-6,2981.0,473,240,3.4,222000.0,petrol,4,570.0
porsche,911 carrera gts lightweight,3.0l twin-turbo flat-6,2981.0,473,311,3.2,145300.0,petrol,4,570.0
porsche,911 targa 4 lightweight,3.0l twin-turbo flat-6,2981.0,379,289,4.3,135500.0,petrol,4,450.0
porsche,911 turbo exclusive series,3.8l twin-turbo flat-6,3745.0,607,330,2.9,258000.0,petrol,4,750.0
porsche,911 gt2 rs,3.8l twin-turbo flat-6,3745.0,700,340,2.8,293200.0,petrol,2,750.0
porsche,911 gt3 cup,4.0l naturally aspirated flat-6,3996.0,510,290,3.4,245000.0,petrol,1,470.0
porsche,911 gt4 rs,4.0l naturally aspirated flat-6,3996.0,500,315,3.4,222000.0,petrol,2,450.0
porsche,911 rsr (motorsport edition),4.2l naturally aspirated flat-6,4194.0,515,296,3.1,750000.0,petrol,1,480.0
porsche,911 sport turismo,3.0l twin-turbo flat-6,2981.0,379,293,4.4,116000.0,petrol,4,450.0
porsche,911 turbo cabriolet lightweight,3.8l twin-turbo flat-6,3745.0,572,318,3.0,191300.0,petrol,4,750.0
porsche,911 dakar sport,3.0l twin-turbo flat-6,2981.0,473,240,3.5,233000.0,petrol,4,570.0
tata motors,tiago,1.2l revotron 3-cylinder petrol,1199.0,86,170,13.0,8200.0,petrol,5,113.0
tata motors,tiago ev,permanent magnet synchronous,24.0,74,120,5.7,11000.0,electric,5,114.0
tata motors,altroz,1.2l revotron petrol / 1.5l diesel,1199.0,86,170,12.0,10400.0,diesel petrol,5,113.0
tata motors,altroz dca,1.2l revotron 3-cylinder petrol,1199.0,86,170,12.5,11300.0,petrol,5,113.0
tata motors,altroz iturbo,1.2l turbocharged petrol,1199.0,110,180,10.0,12000.0,petrol,5,140.0
tata motors,altroz cng,1.2l revotron bi-fuel,1199.0,86,165,12.0,11800.0,cng petrol,5,113.0
tata motors,tiago nrg,1.2l revotron 3-cylinder petrol,1199.0,86,170,13.5,9200.0,petrol,5,113.0
tata motors,nano genx,624cc mpfi,624.0,37,105,29.0,4000.0,petrol,4,51.0
tata motors,indica ev2,1.4l cr4 diesel,1396.0,70,155,16.0,6200.0,diesel,5,140.0
tata motors,indica v2 xeta,1.2l mpfi petrol,1193.0,65,140,16.0,5000.0,petrol,5,100.0
tata motors,tigor,1.2l revotron 3-cylinder petrol,1199.0,86,170,13.0,9400.0,petrol,5,113.0
tata motors,tigor ev,permanent magnet synchronous,26.0,74,120,5.7,14500.0,electric,5,114.0
tata motors,zest,1.3l quadrajet diesel / 1.2l revotron petrol,1248.0,75,165,15.0,8700.0,diesel petrol,5,190.0
tata motors,indigo ecs,1.4l cr4 diesel,1396.0,70,155,16.5,6500.0,diesel,5,140.0
cadillac,escalade,6.2l v8 gasoline,6200.0,420,210,6.8,79295.0,petrol,7,624.0
tata motors,indigo marina,1.4l cr4 diesel / 1.4l petrol,1396.0,70,150,17.0,8300.0,diesel petrol,5,135.0
tata motors,manza,1.3l quadrajet diesel / 1.4l petrol,1248.0,75,160,14.0,9000.0,diesel petrol,5,200.0
tata motors,indigo lx,1.4l cr4 diesel,1396.0,70,150,17.0,7000.0,diesel,5,140.0
tata motors,indigo glx,1.4l mpfi petrol,1396.0,85,160,15.0,7200.0,petrol,5,115.0
cadillac,escalade esv,6.2l v8 gasoline,6200.0,420,205,6.9,82295.0,petrol,7,624.0
tata motors,nexon,1.2l turbo petrol / 1.5l diesel,1199.0,118,180,10.0,14000.0,diesel petrol,5,170.0
tata motors,nexon ev max,permanent magnet synchronous,40.5,143,140,9.0,25000.0,electric,5,250.0
tata motors,harrier,2.0l kryotec turbocharged diesel,1956.0,168,180,11.0,23000.0,diesel,5,350.0
tata motors,safari,2.0l kryotec turbocharged diesel,1956.0,168,180,11.0,25500.0,diesel,7,350.0
tata motors,punch,1.2l revotron petrol,1199.0,86,160,16.0,10500.0,petrol,5,113.0
tata motors,hexa,2.2l varicor diesel,2179.0,154,180,12.0,20000.0,diesel,7,400.0
tata motors,aria,2.2l dicor diesel,2179.0,138,162,13.0,19000.0,diesel,7,320.0
tata motors,sumo gold,3.0l cr4 diesel,2956.0,85,125,17.6,15000.0,diesel,7,250.0
tata motors,sumo grande,2.2l dicor diesel,2179.0,118,140,15.0,16500.0,diesel,7,250.0
tata motors,nexon ev prime,permanent magnet synchronous,30.2,129,120,9.4,22000.0,electric,5,245.0
tata motors,tiago ev,permanent magnet synchronous,24.0,74,120,5.7,11000.0,electric,5,114.0
tesla,model s,dual electric motors,100.0,670,250,3.1,88490.0,electric,5,967.0
tesla,model s plaid,tri electric motors,100.0,1020,322,2.1,108490.0,electric,5,1.0
tesla,model 3,single electric motor (rwd),60.0,283,225,5.8,40240.0,electric,5,420.0
tesla,model 3 performance,dual electric motors (awd),82.0,450,261,3.1,53240.0,electric,5,660.0
tesla,model x,dual electric motors (awd),100.0,670,250,3.8,98490.0,electric,7,967.0
tesla,model x plaid,tri electric motors,100.0,1020,262,2.6,113490.0,electric,6,1.0
tesla,model y,single electric motor (rwd),75.0,346,217,5.0,47490.0,electric,5,498.0
tesla,model y long range,dual electric motors (awd),82.0,384,217,4.8,50490.0,electric,5,559.0
tesla,cybertruck,tri electric motors,200.0,800,209,2.9,69900.0,electric,6,1.0
tesla,roadster 2,quad electric motors,200.0,1288,402,1.9,200000.0,electric,4,10.0
jeep,wrangler,3.6l v6 pentastar gasoline,3600.0,285,180,6.8,35195.0,petrol,4,353.0
jeep,wrangler rubicon,2.0l turbo i4 gasoline,2000.0,270,180,7.1,42100.0,petrol,4,400.0
jeep,grand cherokee,3.6l v6 pentastar gasoline,3600.0,293,209,7.0,41530.0,petrol,5,352.0
jeep,grand cherokee l,3.6l v6 pentastar gasoline,3600.0,293,209,7.2,43530.0,petrol,7,352.0
jeep,cherokee,2.4l i4 tigershark gasoline,2400.0,180,195,8.5,37695.0,petrol,5,230.0
jeep,compass,2.0l turbo gasoline,2000.0,200,200,7.8,31590.0,petrol,5,320.0
jeep,renegade,1.3l turbo i4 gasoline,1300.0,177,200,8.7,28345.0,petrol,5,285.0
jeep,gladiator,3.6l v6 pentastar gasoline,3600.0,285,177,8.1,38775.0,petrol,5,353.0
jeep,wagoneer,5.7l v8 gasoline with etorque,5700.0,392,190,7.4,63595.0,petrol,8,548.0
jeep,grand wagoneer,6.4l v8 gasoline,6400.0,471,190,6.0,91495.0,petrol,8,617.0
jeep,grand cherokee 4xe,2.0l turbo phev,17.3,375,210,6.0,59865.0,hybrid,5,637.0
jeep,wrangler 4xe,2.0l turbo phev,17.3,375,180,6.4,50695.0,hybrid,5,637.0
jeep,compass 4xe,1.3l turbo phev,11.4,240,200,7.3,46500.0,hybrid,5,270.0
jeep,renegade 4xe,1.3l turbo phev,11.4,240,200,7.5,44500.0,hybrid,5,270.0
mazda,mazda2,1.5l 4-cylinder,1500.0,108,180,10.2,17000.0,petrol,5,142.0
jeep,wagoneer s (electric),dual electric motors,100.0,600,177,4.5,80000.0,electric,5,850.0
jeep,gladiator mojave edition,3.6l v6 pentastar gasoline,3600.0,285,177,8.6,51570.0,petrol,5,353.0
jeep,grand cherokee summit reserve,5.7l v8 gasoline,5700.0,357,190,7.3,66575.0,petrol,5,529.0
jeep,jeep cherokee x edition,3.2l v6 pentastar gasoline,3200.0,271,195,7.6,41295.0,petrol,5,324.0
jeep,wrangler 392,6.4l v8 hemi gasoline,6400.0,470,160,4.5,82495.0,petrol,4,637.0
cadillac,xt4,2.0l turbo inline-4 gasoline,2000.0,235,220,7.6,37490.0,petrol,5,350.0
cadillac,xt5,3.6l v6 gasoline,3600.0,310,210,6.5,44195.0,petrol,5,366.0
cadillac,xt6,3.6l v6 gasoline,3600.0,310,210,6.9,48595.0,petrol,7,366.0
cadillac,lyriq ev,single electric motor,100.0,340,190,5.7,58590.0,electric,5,440.0
cadillac,escalade v,6.2l supercharged v8 gasoline,6200.0,682,200,4.4,149990.0,petrol,7,885.0
cadillac,escalade platinum,6.2l v8 gasoline,6200.0,420,210,6.8,104595.0,petrol,7,624.0
cadillac,ct5-v blackwing,6.2l supercharged v8 gasoline,6200.0,668,320,3.4,92000.0,petrol,5,893.0
cadillac,ct4-v blackwing,3.6l twin-turbo v6 gasoline,3600.0,472,290,3.9,60495.0,petrol,5,603.0
cadillac,xt4 sport,2.0l turbo inline-4 gasoline,2000.0,235,220,7.4,41390.0,petrol,5,350.0
cadillac,xt5 sport,3.6l v6 gasoline,3600.0,310,210,6.5,51095.0,petrol,5,366.0
cadillac,xt6 sport,3.6l v6 gasoline,3600.0,310,210,6.9,57095.0,petrol,7,366.0
cadillac,lyriq launch edition,single electric motor,100.0,340,190,5.7,59990.0,electric,5,440.0
cadillac,lyriq ev premium,dual electric motors,100.0,500,210,4.5,64990.0,electric,5,620.0
cadillac,ct5 premium luxury,2.0l turbo inline-4 gasoline,2000.0,237,240,6.8,41290.0,petrol,5,350.0
chevrolet,spark,1.4l inline-4 gasoline,1400.0,98,180,10.7,14595.0,petrol,5,127.0
chevrolet,sonic,1.4l turbo inline-4 gasoline,1400.0,138,190,8.5,16720.0,petrol,5,200.0
chevrolet,malibu,1.5l turbo inline-4 gasoline,1500.0,160,210,8.0,25000.0,petrol,5,250.0
chevrolet,camaro,2.0l turbo inline-4 gasoline,2000.0,275,240,5.4,26400.0,petrol,4,400.0
chevrolet,corvette,6.2l v8 gasoline,6200.0,495,312,3.0,65895.0,petrol,2,637.0
chevrolet,traverse,3.6l v6 gasoline,3600.0,310,210,7.0,35915.0,petrol,7,360.0
chevrolet,equinox,1.5l turbo inline-4 gasoline,1500.0,170,200,8.9,26600.0,petrol,5,275.0
chevrolet,blazer,3.6l v6 gasoline,3600.0,308,220,6.6,44000.0,petrol,5,366.0
chevrolet,tahoe,5.3l v8 gasoline,5300.0,355,200,7.5,56995.0,petrol,7,519.0
chevrolet,suburban,5.3l v8 gasoline,5300.0,355,190,7.6,59900.0,petrol,8,519.0
chevrolet,colorado,2.7l turbo inline-4 gasoline,2700.0,310,190,6.8,30695.0,petrol,5,583.0
chevrolet,silverado 1500,5.3l v8 gasoline,5300.0,355,180,7.0,42795.0,petrol,6,519.0
chevrolet,silverado 2500hd,6.6l v8 gasoline,6600.0,401,170,8.0,41500.0,petrol,6,629.0
chevrolet,silverado 3500hd,6.6l v8 diesel,6600.0,445,160,8.5,45500.0,diesel,6,1234.0
chevrolet,bolt ev,single electric motor,66.0,200,150,6.5,27495.0,electric,5,360.0
chevrolet,bolt euv,single electric motor,66.0,200,150,7.0,28795.0,electric,5,360.0
chevrolet,trailblazer,1.3l turbo inline-3 gasoline,1300.0,155,200,9.4,23100.0,petrol,5,236.0
chevrolet,malibu premier,2.0l turbo inline-4 gasoline,2000.0,250,240,5.8,33500.0,petrol,5,353.0
chevrolet,camaro zl1,6.2l supercharged v8 gasoline,6200.0,650,318,3.5,67300.0,petrol,4,881.0
chevrolet,corvette stingray,6.2l v8 gasoline,6200.0,495,312,3.0,65895.0,petrol,2,637.0
chevrolet,silverado 1500 high country,5.3l v8 gasoline,5300.0,355,180,7.0,61595.0,petrol,6,519.0
chevrolet,silverado 1500 trail boss,5.3l v8 gasoline,5300.0,355,180,7.0,55895.0,petrol,6,519.0
chevrolet,silverado 1500 rst,5.3l v8 gasoline,5300.0,355,180,7.1,50895.0,petrol,6,519.0
chevrolet,colorado zr2,2.8l turbo diesel i4,2800.0,181,160,9.1,48295.0,diesel,5,500.0
chevrolet,traverse premier,3.6l v6 gasoline,3600.0,310,210,7.0,46600.0,petrol,7,360.0
chevrolet,equinox premier,1.5l turbo inline-4 gasoline,1500.0,170,200,8.8,33400.0,petrol,5,275.0
chevrolet,blazer rs,3.6l v6 gasoline,3600.0,308,220,6.6,48900.0,petrol,5,366.0
chevrolet,bolt ev 2lt,single electric motor,66.0,200,150,6.7,28795.0,electric,5,360.0
chevrolet,camaro ss,6.2l v8 gasoline,6200.0,455,290,4.3,43500.0,petrol,4,617.0
chevrolet,corvette grand sport,6.2l v8 gasoline,6200.0,460,290,3.9,65900.0,petrol,2,630.0
chevrolet,traverse rs,3.6l v6 gasoline,3600.0,310,210,7.0,43700.0,petrol,7,360.0
chevrolet,blazer premier,3.6l v6 gasoline,3600.0,308,220,6.6,45000.0,petrol,5,366.0
chevrolet,malibu lt,1.5l turbo inline-4 gasoline,1500.0,160,210,8.5,25800.0,petrol,5,250.0
chevrolet,spark activ,1.4l inline-4 gasoline,1400.0,98,180,11.0,17595.0,petrol,5,127.0
chevrolet,trax lt,1.2l turbo inline-3 gasoline,1200.0,137,200,9.2,24100.0,petrol,5,220.0
chevrolet,equinox lt,1.5l turbo inline-4 gasoline,1500.0,170,200,8.9,28400.0,petrol,5,275.0
chevrolet,silverado 3500hd high country,6.6l v8 diesel,6600.0,445,160,8.5,75700.0,diesel,6,1234.0
chevrolet,colorado wt,2.7l turbo inline-4 gasoline,2700.0,310,190,6.9,29200.0,petrol,5,583.0
chevrolet,suburban high country,6.2l v8 gasoline,6200.0,420,200,7.0,82400.0,petrol,8,624.0
chevrolet,silverado custom,4.3l v6 gasoline,4300.0,285,180,8.5,33900.0,petrol,6,413.0
chevrolet,spark ls,1.4l inline-4 gasoline,1400.0,98,180,10.9,14395.0,petrol,5,127.0
chevrolet,traverse lt,3.6l v6 gasoline,3600.0,310,210,7.1,37200.0,petrol,7,360.0
chevrolet,blazer lt,2.5l inline-4 gasoline,2500.0,193,200,9.0,36100.0,petrol,5,255.0
chevrolet,malibu premier,2.0l turbo inline-4 gasoline,2000.0,250,240,5.8,34500.0,petrol,5,353.0
chevrolet,equinox rs,1.5l turbo inline-4 gasoline,1500.0,170,200,8.8,31900.0,petrol,5,275.0
chevrolet,silverado 1500 custom,4.3l v6 gasoline,4300.0,285,180,8.6,34900.0,petrol,6,413.0
chevrolet,silverado 2500hd ltz,6.6l v8 diesel,6600.0,445,160,8.4,56400.0,diesel,6,1234.0
chevrolet,tahoe rst,5.3l v8 gasoline,5300.0,355,180,7.4,64100.0,petrol,7,519.0
chevrolet,suburban lt,5.3l v8 gasoline,5300.0,355,180,5.1,64400.0,petrol,8,519.0
chevrolet,bolt ev premier,single electric motor,66.0,200,150,6.5,31700.0,electric,5,360.0
chevrolet,tahoe ls,5.3l v8 gasoline,5300.0,355,180,7.5,56995.0,petrol,8,519.0
chevrolet,tahoe lt,5.3l v8 gasoline,5300.0,355,180,7.4,62495.0,petrol,8,519.0
chevrolet,tahoe rst,5.3l v8 gasoline,5300.0,355,180,7.4,64100.0,petrol,7,519.0
chevrolet,tahoe z71,5.3l v8 gasoline,5300.0,355,180,7.6,66700.0,petrol,7,519.0
chevrolet,tahoe premier,6.2l v8 gasoline,6200.0,420,200,6.8,71600.0,petrol,7,624.0
chevrolet,tahoe high country,6.2l v8 gasoline,6200.0,420,200,6.7,76700.0,petrol,7,624.0
chevrolet,tahoe midnight edition,5.3l v8 gasoline,5300.0,355,180,7.5,65500.0,petrol,8,519.0
chevrolet,tahoe sport edition,6.2l v8 gasoline,6200.0,420,200,6.8,70000.0,petrol,7,624.0
gmc,terrain,1.5l turbo 4-cylinder,1500.0,175,190,9.5,29900.0,petrol,5,275.0
gmc,acadia,2.0l turbo 4-cylinder,2000.0,228,200,7.8,36800.0,petrol,7,350.0
gmc,yukon,5.3l v8 gasoline,5300.0,355,180,7.4,57400.0,petrol,8,519.0
gmc,yukon xl,6.2l v8 gasoline,6200.0,420,200,6.9,61100.0,petrol,8,624.0
gmc,canyon,2.7l turbo 4-cylinder,2700.0,310,190,7.6,36900.0,petrol,5,583.0
gmc,sierra 1500,5.3l v8 gasoline,5300.0,355,180,7.3,37100.0,petrol,6,519.0
gmc,sierra 2500hd,6.6l v8 diesel,6600.0,401,175,7.5,43900.0,diesel,6,629.0
gmc,sierra 3500hd,6.6l v8 diesel,6600.0,445,175,7.4,49000.0,diesel,6,1234.0
gmc,hummer ev pickup,dual-motor electric,212.0,625,170,3.0,108700.0,electric,5,1000.0
gmc,hummer ev suv,dual-motor electric,212.0,625,170,3.5,105600.0,electric,5,1000.0
gmc,yukon denali,6.2l v8 gasoline,6200.0,420,200,6.8,72800.0,petrol,8,624.0
gmc,sierra denali,6.2l v8 gasoline,6200.0,420,190,6.7,66800.0,petrol,6,624.0
gmc,terrain at4,1.5l turbo 4-cylinder,1500.0,175,190,9.6,36500.0,petrol,5,275.0
gmc,acadia at4,3.6l v6 gasoline,3600.0,310,210,7.6,41400.0,petrol,6,366.0
gmc,sierra 1500 at4,5.3l v8 gasoline,5300.0,355,180,7.4,53800.0,petrol,6,519.0
gmc,sierra 2500hd denali,6.6l v8 diesel,6600.0,401,175,7.5,72200.0,diesel,6,1234.0
gmc,sierra elevation,2.7l turbo 4-cylinder,2700.0,310,190,7.6,45000.0,petrol,5,583.0
gmc,canyon at4,2.7l turbo 4-cylinder,2700.0,310,190,7.5,43900.0,petrol,5,583.0
gmc,canyon denali,2.7l turbo 4-cylinder,2700.0,310,190,7.5,48000.0,petrol,5,583.0
gmc,yukon xl denali ultimate,6.2l v8 gasoline,6200.0,420,200,6.7,93800.0,petrol,8,624.0
gmc,terrain denali,1.5l turbo 4-cylinder,1500.0,175,190,9.5,38600.0,petrol,5,275.0
gmc,acadia denali,3.6l v6 engine,3564.0,310,210,6.5,54300.0,petrol,7,366.0
gmc,yukon at4,5.3l v8 engine,5327.0,355,210,7.1,71505.0,petrol,8,519.0
gmc,yukon xl at4,5.3l v8 engine,5327.0,355,210,7.3,73305.0,petrol,8,519.0
gmc,sierra 1500 elevation,2.7l turbo engine,2713.0,310,180,7.0,52000.0,petrol,5,569.0
gmc,sierra 1500 slt,5.3l v8 engine,5327.0,355,180,6.8,56000.0,petrol,5,519.0
gmc,sierra 2500hd at4,6.6l v8 engine,6600.0,401,170,7.5,70000.0,petrol,5,629.0
gmc,sierra 3500hd at4,6.6l v8 engine,6600.0,401,170,7.7,72000.0,petrol,5,629.0
gmc,canyon elevation,2.5l i4 engine,2488.0,200,175,8.5,36300.0,petrol,5,259.0
gmc,canyon denali black edition,3.6l v6 engine,3564.0,308,180,6.9,44000.0,petrol,5,373.0
gmc,sierra 1500 denali ultimate,6.2l v8 engine,6162.0,420,200,5.8,80000.0,petrol,5,624.0
gmc,yukon xl denali reserve,6.2l v8 engine,6162.0,420,210,6.0,82000.0,petrol,7,624.0
gmc,terrain elevation edition,1.5l turbocharged i4 engine,1490.0,170,200,9.3,28700.0,petrol,5,275.0
gmc,acadia black edition,3.6l v6 engine,3564.0,310,210,6.5,45000.0,petrol,7,366.0
gmc,hummer ev suv edition 1,"electric motors with up to 11,500 lb-ft torque",200.0,830,170,3.5,96550.0,electric,5,15.0
gmc,hummer ev pickup edition 1,"electric motors with up to 11,500 lb-ft torque",200.0,1000,170,3.0,96550.0,electric,5,15.0
gmc,sierra denali carbonpro,6.2l v8 engine,6162.0,420,200,5.8,65000.0,petrol,5,624.0
gmc,yukon denali performance,6.2l v8 engine,6162.0,420,210,6.0,76805.0,petrol,8,624.0
gmc,sierra 2500hd denali black edition,6.6l v8 engine,6600.0,401,170,7.5,75000.0,petrol,5,629.0
gmc,canyon at4x,3.6l v6 engine,3564.0,308,180,6.9,50000.0,petrol,5,373.0
gmc,yukon xl slt,5.3l v8 engine,5327.0,355,210,7.3,65000.0,petrol,8,519.0
gmc,sierra 1500 pro,4.3l v6 engine,4300.0,285,180,7.5,37700.0,petrol,3,413.0
gmc,sierra 2500hd pro,6.6l v8 engine,6600.0,401,170,7.7,60000.0,petrol,3,629.0
gmc,sierra 3500hd pro,6.6l v8 engine,6600.0,401,170,7.8,62000.0,petrol,3,629.0
gmc,terrain slt,1.5l turbocharged i4 engine,1490.0,170,200,9.4,31000.0,petrol,5,275.0
gmc,acadia sle,3.6l v6 engine,3564.0,310,210,6.6,40000.0,petrol,7,366.0
gmc,canyon slt,2.5l i4 engine,2488.0,200,175,8.6,38000.0,petrol,5,259.0
gmc,yukon xl elevation,5.3l v8 engine,5327.0,355,210,7.4,75000.0,petrol,8,519.0
gmc,sierra 1500 at4x,6.2l v8 engine,6162.0,420,200,5.9,82000.0,petrol,5,624.0
gmc,hummer ev suv extreme off-road,"electric motors with up to 11,500 lb-ft torque",200.0,830,170,3.6,110000.0,electric,5,15.0
gmc,sierra ev denali,electric motors with advanced awd,200.0,754,170,4.5,108700.0,electric,5,1.0
gmc,hummer ev omega edition,"electric motors with up to 11,500 lb-ft torque",200.0,1000,170,3.0,112700.0,electric,5,15.0
gmc,canyon at4x edition 1,3.6l v6 engine,3564.0,308,180,6.8,55000.0,petrol,5,373.0
gmc,yukon denali ultimate black,6.2l v8 engine,6162.0,420,210,6.0,90000.0,petrol,8,624.0
gmc,sierra hd denali reserve,6.6l v8 engine,6600.0,401,170,7.5,85000.0,petrol,5,629.0
gmc,acadia denali ultimate,3.6l v6 engine,3564.0,310,210,6.5,60000.0,petrol,7,366.0
gmc,terrain all-terrain edition,1.5l turbocharged i4 engine,1490.0,170,200,9.3,35000.0,petrol,5,275.0
gmc,yukon trailering edition,5.3l v8 engine,5327.0,355,210,7.5,78000.0,petrol,8,519.0
gmc,hummer ev adventure series,"electric motors with up to 11,500 lb-ft torque",200.0,830,170,3.6,105000.0,electric,5,15.0
kia,rio,1.6l 4-cylinder,1591.0,120,180,10.3,17000.0,petrol,5,151.0
kia,rio 5-door,1.6l 4-cylinder,1591.0,120,180,10.3,18000.0,petrol,5,151.0
kia,seltos nightfall edition,1.6l turbocharged 4-cylinder,1591.0,175,210,7.5,28000.0,petrol,5,264.0
peugeot,508 pse (peugeot sport engineered),hybrid i4 + electric motor,1599.0,360,250,5.2,55000.0,hybrid,5,520.0
kia,sorento x-line,2.5l turbocharged 4-cylinder,2500.0,277,220,7.0,42000.0,petrol,7,421.0
kia,telluride sx,3.8l v6,3778.0,291,240,7.0,50000.0,petrol,7,355.0
kia,forte lxs,2.0l 4-cylinder,1999.0,147,190,9.2,19000.0,petrol,5,179.0
kia,k5 ex,1.6l turbocharged 4-cylinder,1591.0,180,220,7.8,28500.0,petrol,5,264.0
kia,niro plug-in hybrid,1.6l 4-cylinder hybrid,1591.0,139,180,10.5,33000.0,hybrid,5,265.0
kia,ev6 wind,electric motor,77.4,225,190,5.2,50000.0,electric,5,350.0
kia,soul turbo,1.6l turbocharged 4-cylinder,1591.0,201,200,6.5,28000.0,petrol,5,264.0
kia,seltos sx,1.6l turbocharged 4-cylinder,1591.0,175,210,7.5,28500.0,petrol,5,264.0
kia,stinger scorpion edition,2.5l turbocharged 4-cylinder,2500.0,300,270,5.0,55000.0,petrol,5,422.0
kia,sorento hybrid sx prestige,1.6l hybrid turbocharged 4-cylinder,1591.0,227,200,7.9,47000.0,hybrid,7,352.0
kia,carnival ex,3.5l v6,3500.0,290,220,8.0,42500.0,petrol,8,355.0
kia,telluride nightfall edition,3.8l v6,3778.0,291,240,7.0,51000.0,petrol,7,355.0
peugeot,508 plug-in hybrid,hybrid i4 + electric motor,1598.0,225,210,7.5,44000.0,hybrid,5,360.0
kia,ev6 first edition,electric motor,77.4,320,230,5.0,58000.0,electric,5,450.0
kia,niro touring,1.6l 4-cylinder hybrid,1591.0,139,180,10.5,33000.0,hybrid,5,265.0
kia,forte gt-line,1.6l turbocharged 4-cylinder,1591.0,201,200,6.5,25000.0,petrol,5,264.0
kia,seltos ex,2.0l 4-cylinder,1999.0,146,190,9.0,23500.0,petrol,5,179.0
peugeot,3008 plug-in hybrid,hybrid i4 + electric motor,1598.0,225,210,7.0,42000.0,hybrid,5,360.0
kia,sorento lx,2.5l 4-cylinder,2500.0,191,210,8.5,35500.0,petrol,7,246.0
kia,telluride ex,3.8l v6,3778.0,291,240,7.0,44000.0,petrol,7,355.0
kia,soul ex,2.0l 4-cylinder,1999.0,147,190,9.5,22000.0,petrol,5,179.0
kia,forte fe,2.0l 4-cylinder,1999.0,147,190,9.2,18500.0,petrol,5,179.0
kia,k5 gt-line,1.6l turbocharged 4-cylinder,1591.0,180,220,7.8,29000.0,petrol,5,264.0
kia,carnival lxs,3.5l v6,3500.0,290,220,8.0,39500.0,petrol,8,355.0
kia,ev6 light,electric motor,77.4,225,190,5.2,46000.0,electric,5,350.0
kia,niro ex,1.6l 4-cylinder hybrid,1591.0,139,180,10.5,30000.0,hybrid,5,265.0
kia,stinger gt,3.3l turbocharged v6,3300.0,365,270,4.7,51500.0,petrol,5,510.0
kia,sorento sx prestige,2.5l hybrid turbocharged 4-cylinder,1591.0,227,200,7.9,48000.0,hybrid,7,352.0
kia,telluride sx prestige,3.8l v6,3778.0,291,240,7.0,52000.0,petrol,7,355.0
peugeot,508 hybrid4,hybrid i4 + electric motor,1598.0,300,235,6.0,47000.0,hybrid,5,520.0
kia,ev6 gt performance,electric motor,77.4,577,260,3.5,65000.0,electric,5,740.0
kia,niro sx touring,1.6l 4-cylinder hybrid,1591.0,139,180,10.5,34500.0,hybrid,5,265.0
kia,carnival sx prestige,3.5l v6,3500.0,290,220,8.0,47000.0,petrol,8,355.0
kia,seltos sx turbo,1.6l turbocharged 4-cylinder,1591.0,175,210,7.5,32000.0,petrol,5,264.0
kia,forte ex premium,2.0l 4-cylinder,1999.0,147,190,9.2,22500.0,petrol,5,179.0
kia,soul ex designer edition,2.0l 4-cylinder,1999.0,147,190,9.5,23500.0,petrol,5,179.0
kia,rio s,1.6l 4-cylinder,1591.0,120,180,10.3,17500.0,petrol,5,151.0
kia,rio 5-door s,1.6l 4-cylinder,1591.0,120,180,10.3,18000.0,petrol,5,151.0
kia,soul s,2.0l 4-cylinder,1999.0,147,190,9.5,20500.0,petrol,5,179.0
kia,seltos lx,2.0l 4-cylinder,1999.0,146,190,9.2,23000.0,petrol,5,179.0
peugeot,3008 hybrid4,hybrid i4+ electric motor,1599.0,300,235,6.0,45000.0,hybrid,5,520.0
kia,sorento hybrid ex,1.6l hybrid turbocharged 4-cylinder,1591.0,227,200,7.9,47000.0,hybrid,7,352.0
kia,telluride lx,3.8l v6,3778.0,291,240,7.0,41500.0,petrol,7,355.0
kia,carnival mpv ex,3.5l v6,3500.0,290,220,8.0,43500.0,petrol,8,355.0
kia,ev6 awd gt-line,electric motor,77.4,320,230,5.0,60000.0,electric,5,450.0
kia,forte gt turbo,1.6l turbocharged 4-cylinder,1591.0,201,200,6.5,25500.0,petrol,5,264.0
kia,soul gt designer edition,2.0l 4-cylinder,1999.0,147,190,9.5,23000.0,petrol,5,179.0
kia,seltos x-line turbo,1.6l turbocharged 4-cylinder,1591.0,175,210,7.5,30000.0,petrol,5,264.0
peugeot,e-2008 gt,electric motor,50.0,136,200,8.5,40000.0,electric,5,260.0
kia,telluride limited edition,3.8l v6,3778.0,291,240,7.0,53000.0,petrol,7,355.0
kia,stinger gt-line,2.5l turbocharged 4-cylinder,2500.0,300,270,5.0,50000.0,petrol,5,422.0
kia,carnival special edition,3.5l v6,3500.0,290,220,8.0,45500.0,petrol,8,355.0
kia,niro sx hybrid,1.6l hybrid turbocharged 4-cylinder,1591.0,139,180,10.5,36000.0,hybrid,5,265.0
kia,ev6 first edition awd,electric motor,77.4,320,230,5.0,62000.0,electric,5,450.0
kia,sorento x-pro hybrid,1.6l hybrid turbocharged 4-cylinder,1591.0,227,200,7.8,49000.0,hybrid,7,352.0
kia,forte limited edition,2.0l 4-cylinder,1999.0,147,190,9.2,22500.0,petrol,5,179.0
bugatti,chiron,8.0l quad-turbo w16,7993.0,1500,420,2.5,3000000.0,petrol,2,1600.0
bugatti,chiron pur sport,8.0l quad-turbo w16,7993.0,1500,350,2.3,3300000.0,petrol,2,1600.0
bugatti,chiron super sport,8.0l quad-turbo w16,7993.0,1600,490,2.4,3500000.0,petrol,2,1600.0
bugatti,chiron sport,8.0l quad-turbo w16,7993.0,1500,420,2.4,3300000.0,petrol,2,1600.0
bugatti,chiron noire,8.0l quad-turbo w16,7993.0,1500,420,2.5,3300000.0,petrol,2,1600.0
bugatti,divo,8.0l quad-turbo w16,7993.0,1500,380,2.4,5800000.0,petrol,2,1600.0
bugatti,centodieci,8.0l quad-turbo w16,7993.0,1600,380,2.4,9000000.0,petrol,2,1600.0
bugatti,la voiture noire,8.0l quad-turbo w16,7993.0,1500,420,2.5,18000000.0,petrol,2,1600.0
bugatti,bolide,8.0l quad-turbo w16,7993.0,1850,500,2.2,4500000.0,petrol,2,1600.0
bugatti,mistral,8.0l quad-turbo w16,7993.0,1600,420,2.4,5000000.0,petrol,2,1600.0
volvo,volvo fh,13.0l i6 turbo diesel,13000.0,540,120,15.0,120000.0,diesel,2,2600.0
volvo,volvo fh16,16.1l i6 turbo diesel,16100.0,750,120,14.5,160000.0,diesel,2,3500.0
volvo,volvo fm,12.8l i6 turbo diesel,12800.0,460,110,16.0,100000.0,diesel,2,2200.0
volvo,volvo fmx,13.0l i6 turbo diesel,13000.0,500,110,16.5,110000.0,diesel,2,2500.0
volvo,volvo vnl,12.8l i6 turbo diesel,12800.0,500,120,15.0,125000.0,diesel,2,2400.0
volvo,volvo vnr,12.8l i6 turbo diesel,12800.0,400,110,17.0,95000.0,diesel,2,1800.0
volvo,volvo vhd,12.8l i6 turbo diesel,12800.0,500,100,18.0,120000.0,diesel,2,2500.0
volvo,volvo fe,7.7l i6 turbo diesel,7700.0,280,90,20.0,85000.0,diesel,2,1200.0
volvo,volvo fl,5.1l i4 turbo diesel,5100.0,180,80,22.0,75000.0,diesel,2,800.0
jaguar land rover,jaguar f-type,v6 / v8 petrol,2995.0,335,260,5.1,70000.0,petrol,2,450.0
jaguar land rover,jaguar xe,i4 petrol,1999.0,250,250,6.5,45000.0,petrol,5,365.0
jaguar land rover,jaguar xf,i4 petrol,1999.0,250,250,6.5,50000.0,petrol,5,365.0
jaguar land rover,jaguar xj,v6 petrol,2995.0,300,250,6.0,85000.0,petrol,5,400.0
jaguar land rover,jaguar e-pace,i4 petrol,1999.0,200,230,7.0,50000.0,petrol,5,430.0
jaguar land rover,jaguar i-pace,electric (dual motor),90.0,400,200,4.8,70000.0,electric,5,696.0
jaguar land rover,jaguar f-pace,i4 petrol / v6 petrol,1999.0,250,230,7.2,55000.0,petrol,5,365.0
jaguar land rover,jaguar x-type,i4 petrol,1998.0,160,215,9.0,40000.0,petrol,5,215.0
jaguar land rover,jaguar f-pace r-dynamic,i4 petrol / v6 petrol,1999.0,340,250,5.4,65000.0,petrol,5,480.0
jaguar land rover,jaguar xe r-dynamic,i4 petrol,1999.0,340,250,5.4,60000.0,petrol,5,450.0
jaguar land rover,jaguar f-type svr,v8 petrol,5000.0,575,320,3.7,120000.0,petrol,2,700.0
jaguar land rover,jaguar i-pace electric performance,electric (dual motor),90.0,400,200,4.5,85000.0,electric,5,696.0
jaguar land rover,jaguar f-pace svr,v8 petrol,5000.0,550,283,4.0,85000.0,petrol,5,700.0
jaguar land rover,jaguar xe s,i4 petrol,1999.0,340,250,5.3,55000.0,petrol,5,450.0
jaguar land rover,jaguar xf r-dynamic,i4 petrol / v6 petrol,1999.0,340,250,5.4,65000.0,petrol,5,480.0
jaguar land rover,jaguar xj lwb (long wheelbase),v6 petrol,2995.0,300,250,6.0,90000.0,petrol,5,400.0
jaguar land rover,jaguar f-type heritage edition,v8 petrol,5000.0,550,300,3.9,110000.0,petrol,2,680.0
jaguar land rover,jaguar e-pace s,i4 petrol,1999.0,200,230,7.0,50000.0,petrol,5,430.0
jaguar land rover,jaguar i-pace hse,electric (dual motor),90.0,400,200,4.5,90000.0,electric,5,696.0
jaguar land rover,jaguar f-type v8 r,v8 petrol,5000.0,550,300,3.9,100000.0,petrol,2,680.0
jaguar land rover,jaguar f-type r-dynamic,i4 petrol / v6 petrol,1999.0,300,250,5.1,70000.0,petrol,2,400.0
jaguar land rover,jaguar xe p300 r-dynamic,i4 petrol,1999.0,300,250,5.5,55000.0,petrol,5,400.0
jaguar land rover,jaguar xf sportbrake,i4 petrol / v6 petrol,1999.0,250,250,6.5,60000.0,petrol,5,400.0
jaguar land rover,jaguar i-pace ev400 hse,electric (dual motor),90.0,400,200,4.5,85000.0,electric,5,696.0
jaguar land rover,jaguar f-pace s 30t awd,i4 petrol,1999.0,247,225,6.4,60000.0,petrol,5,365.0
jaguar land rover,jaguar e-pace r-dynamic,i4 petrol,1999.0,246,230,6.8,55000.0,petrol,5,430.0
jaguar land rover,jaguar xj50,v6 petrol,2995.0,300,250,6.0,80000.0,petrol,5,400.0
jaguar land rover,jaguar f-type 75th anniversary edition,v8 petrol,5000.0,550,300,3.9,100000.0,petrol,2,680.0
jaguar land rover,jaguar f-pace s awd,i4 petrol / v6 petrol,1999.0,340,250,5.4,65000.0,petrol,5,480.0
jaguar land rover,jaguar xe se,i4 petrol,1999.0,250,240,6.2,50000.0,petrol,5,365.0
jaguar land rover,jaguar f-type v6 s convertible,v6 petrol,2995.0,380,280,4.8,80000.0,petrol,2,460.0
jaguar land rover,jaguar xe r-sport awd,i4 petrol / v6 petrol,1999.0,300,250,5.5,55000.0,petrol,5,400.0
jaguar land rover,jaguar xf portfolio awd,i4 petrol / v6 petrol,1999.0,340,250,5.4,60000.0,petrol,5,450.0
jaguar land rover,jaguar f-type coupe r,v8 petrol,5000.0,550,300,3.9,100000.0,petrol,2,680.0
jaguar land rover,jaguar i-pace first edition,electric (dual motor),90.0,400,200,4.5,85000.0,electric,5,696.0
jaguar land rover,jaguar f-pace prestige awd,i4 petrol / v6 petrol,1999.0,340,250,5.4,65000.0,petrol,5,480.0
jaguar land rover,jaguar xj supercharged,v8 petrol,5000.0,510,280,4.2,90000.0,petrol,5,625.0
jaguar land rover,jaguar f-type p450 awd,v8 petrol,5000.0,450,290,4.0,90000.0,petrol,2,600.0
jaguar land rover,jaguar f-pace p400e plug-in hybrid,i4 petrol + electric motor,1999.0,398,220,5.1,75000.0,hybrid in plug,5,640.0
jaguar land rover,jaguar f-type p300 coupe,i4 petrol,1999.0,300,250,5.5,60000.0,petrol,2,400.0
acura,nsx type s,twin-turbo v6 hybrid,3493.0,600,307,2.9,157000.0,hybrid,2,666.0
acura,tlx pmc edition,v6,3500.0,290,250,5.7,62000.0,petrol,5,362.0
acura,mdx advance,v6,3500.0,290,190,6.0,60000.0,petrol,7,362.0
acura,rdx technology,i4 turbocharged,1500.0,272,210,6.6,45000.0,petrol,5,400.0
acura,ilx premium,i4,2400.0,201,200,6.6,30000.0,petrol,5,180.0
acura,tlx a-spec,v6,3500.0,290,250,5.7,50000.0,petrol,5,362.0
acura,rdx sh-awd,i4 turbocharged,1500.0,272,210,6.6,50000.0,petrol,5,400.0
acura,mdx sh-awd,v6,3500.0,290,190,6.0,55000.0,petrol,7,362.0
acura,rdx platinum elite,i4 turbocharged,1500.0,272,210,6.6,55000.0,petrol,5,400.0
acura,tlx a-spec sedan,v6,3500.0,290,250,5.7,50000.0,petrol,5,362.0
acura,tlx 2.4l,inline-4,2400.0,206,210,6.0,35000.0,petrol,5,247.0
acura,mdx hybrid,v6 hybrid,3500.0,321,190,6.0,55000.0,hybrid,7,335.0
acura,rdx hybrid,inline-4 hybrid,1500.0,247,210,6.6,50000.0,hybrid,5,400.0
acura,ilx technology package,inline-4,2400.0,201,200,6.6,30000.0,petrol,5,180.0
acura,nsx gt3 (track version),twin-turbo v6 hybrid,3493.0,500,300,3.0,150000.0,hybrid,2,600.0
acura,rdx turbo awd,inline-4 turbocharged,1500.0,272,210,6.6,45000.0,petrol,5,400.0
acura,tlx 3.5l v6,v6,3500.0,290,250,5.7,50000.0,petrol,5,362.0
acura,ilx special edition,inline-4,2400.0,201,200,6.6,30000.0,petrol,5,180.0
acura,mdx sh-awd w/technology package,v6,3500.0,290,190,6.0,55000.0,petrol,7,362.0
acura,nsx 3.5l hybrid coupe,twin-turbo v6 hybrid,3493.0,537,307,2.9,157000.0,hybrid,2,666.0
acura,mdx elite,v6,3500.0,290,190,6.0,58000.0,petrol,7,362.0
acura,tlx v6 advance,v6,3500.0,290,250,5.7,46000.0,petrol,5,362.0
acura,nsx carbon edition,twin-turbo v6 hybrid,3493.0,537,307,2.9,157000.0,hybrid,2,666.0
acura,rdx turbo sh-awd,turbocharged i4,1500.0,272,210,6.6,42000.0,petrol,5,400.0
acura,ilx technology plus,inline-4,2400.0,201,200,6.6,28000.0,petrol,5,180.0
acura,tlx type s pmc edition,turbocharged v6,3000.0,355,250,5.1,54000.0,petrol,5,480.0
acura,mdx sport hybrid,v6 hybrid,3500.0,321,190,6.0,52000.0,hybrid,7,335.0
peugeot,208,inline-4,1199.0,82,180,10.5,22000.0,petrol,5,160.0
peugeot,2008,inline-4,1199.0,100,190,9.0,25000.0,petrol,5,205.0
peugeot,301,inline-4,1598.0,115,185,10.0,23500.0,petrol,5,150.0
peugeot,308,inline-4,1598.0,130,200,8.0,28000.0,petrol,5,230.0
peugeot,3008,inline-4,1598.0,180,210,7.5,32000.0,petrol,5,400.0
peugeot,5008,inline-4,1998.0,165,200,9.5,35000.0,diesel,7,400.0
peugeot,508,inline-4,1998.0,180,235,8.0,35500.0,petrol,5,300.0
peugeot,partner,diesel i4,1560.0,75,160,12.0,22500.0,diesel,5,200.0
peugeot,expert,diesel i4,1997.0,120,180,10.0,30000.0,diesel,3,300.0
peugeot,boxer,diesel i4,2200.0,140,160,11.0,32000.0,diesel,3,340.0
peugeot,e-208,electric motor,50.0,136,150,8.1,35000.0,electric,5,260.0
peugeot,e-2008,electric motor,50.0,136,150,8.5,38000.0,electric,5,260.0
peugeot,208 gti,inline-4,1598.0,208,230,6.5,28000.0,petrol,5,300.0
peugeot,308 gti,inline-4,1598.0,270,250,6.0,35000.0,petrol,5,330.0
peugeot,508 pse (peugeot sport engineered),hybrid i4,1598.0,360,250,5.2,55000.0,hybrid,5,520.0
peugeot,308 allure,inline-4,1199.0,130,205,9.3,25000.0,petrol,5,230.0
peugeot,2008 allure,inline-4,1199.0,130,200,9.7,27000.0,petrol,5,230.0
peugeot,3008 allure,inline-4,1499.0,180,210,8.0,30000.0,petrol,5,250.0
peugeot,5008 allure,inline-4,1499.0,180,200,8.5,33000.0,petrol,7,250.0
peugeot,508 allure,inline-4,1499.0,180,225,8.0,35000.0,petrol,5,250.0
peugeot,3008 gt,inline-4,1598.0,200,220,7.5,35000.0,petrol,5,280.0
peugeot,508 gt,inline-4,1598.0,225,235,6.8,40000.0,petrol,5,300.0
peugeot,3008 gt hybrid,hybrid i4,1598.0,300,235,6.0,45000.0,hybrid,5,400.0
peugeot,5008 gt hybrid,hybrid i4,1598.0,300,210,6.5,48000.0,hybrid,7,400.0
peugeot,208 allure premium,inline-4,1199.0,130,200,9.5,28000.0,petrol,5,230.0
peugeot,partner tepee,inline-4,1560.0,100,170,12.0,25000.0,diesel,5,260.0
peugeot,expert l2h1,inline-4,1997.0,120,160,13.0,30000.0,diesel,3,320.0
peugeot,boxer l2h2,inline-4,2200.0,130,140,14.0,35000.0,diesel,3,350.0
peugeot,208 pse (peugeot sport engineered),hybrid i4,1598.0,225,250,5.5,45000.0,hybrid,5,360.0
peugeot,308 pse,hybrid i4,1598.0,360,250,5.0,55000.0,hybrid,5,520.0
peugeot,508 pse,hybrid i4,1598.0,360,250,5.2,60000.0,hybrid,5,520.0
peugeot,3008 pse,hybrid i4,1598.0,300,235,6.0,50000.0,hybrid,5,400.0
peugeot,2008 active,inline-4,1199.0,100,190,11.2,22000.0,petrol,5,205.0
peugeot,3008 active,inline-4,1499.0,130,200,10.0,30000.0,petrol,5,240.0
peugeot,5008 active,inline-4,1499.0,130,190,10.5,33000.0,petrol,7,240.0
peugeot,3008 allure premium,inline-4,1499.0,130,200,9.8,32000.0,petrol,5,240.0
peugeot,5008 allure premium,inline-4,1499.0,130,190,10.2,35000.0,petrol,7,240.0
peugeot,3008 gt line,inline-4,1598.0,180,210,8.5,35000.0,petrol,5,250.0
peugeot,5008 gt line,inline-4,1598.0,180,200,9.0,38000.0,petrol,7,250.0
peugeot,2008 gt,inline-4,1199.0,130,200,9.3,25000.0,petrol,5,230.0
peugeot,5008 gt,inline-4,1598.0,180,210,8.2,40000.0,petrol,7,250.0
peugeot,508 sw (station wagon),inline-4,1598.0,180,220,8.4,35000.0,petrol,5,300.0
peugeot,508 saloon,inline-4,1598.0,180,210,8.6,37000.0,petrol,5,300.0
peugeot,308 saloon,inline-4,1199.0,130,200,9.0,28000.0,petrol,5,230.0
peugeot,301 sedan,inline-4,1199.0,82,180,12.0,20000.0,petrol,5,115.0
peugeot,208 sedan,inline-4,1199.0,100,190,11.2,22000.0,petrol,5,205.0
ford,fusion (mondeo),1.5l ecoboost / 2.0l hybrid,1500.0,160,220,7.5,25000.0,hybrid petrol,5,200.0
ford,taurus,3.5l v6 / 2.0l ecoboost,2000.0,200,220,6.5,30000.0,petrol,5,300.0
ford,fiesta,1.0l ecoboost / 1.5l,1000.0,85,200,7.0,15000.0,petrol,5,130.0
ford,focus,1.0l ecoboost / 1.5l / 2.0l,1000.0,120,220,6.5,20000.0,petrol,5,150.0
ford,ka+,1.2l petrol,1200.0,70,165,10.5,12000.0,petrol,5,100.0
ford,ecosport,1.0l turbo inline-3 / 2.0l,1000.0,123,180,9.0,20000.0,petrol,5,170.0
ford,escape (kuga),1.5l ecoboost / 2.5l hybrid,1500.0,181,190,7.5,25000.0,hybrid petrol,5,230.0
ford,edge,2.0l ecoboost / 2.7l v6,2000.0,250,200,6.5,35000.0,petrol,5,400.0
ford,explorer,2.3l ecoboost / 3.0l v6,2300.0,300,200,6.0,35000.0,petrol,7,420.0
ford,expedition,3.5l ecoboost / 5.4l v8,3500.0,375,180,6.5,50000.0,petrol,8,650.0
ford,bronco,2.3l ecoboost / 2.7l v6,2300.0,275,200,7.5,30000.0,petrol,4,400.0
ford,bronco sport,1.5l ecoboost / 2.0l ecoboost,1500.0,181,185,7.0,26000.0,petrol,5,250.0
ford,f-150,3.3l v6 / 5.0l v8 / 3.5l ecoboost,3300.0,290,200,5.0,35000.0,diesel petrol,5,400.0
ford,f-250 super duty,6.2l v8 / 7.3l v8 / 6.7l turbo-diesel,6200.0,385,180,6.5,40000.0,diesel petrol,5,700.0
ford,f-350 super duty,6.7l turbo-diesel / 7.3l v8,6700.0,450,180,7.0,45000.0,diesel,5,1.0
ford,maverick,2.5l hybrid / 2.0l ecoboost,2500.0,191,180,6.5,22000.0,hybrid petrol,5,250.0
ford,ranger,2.3l turbo inline-4 / 2.7l v6,2300.0,270,180,6.0,25000.0,diesel petrol,5,400.0
ford,mustang mach-e,electric motor,68.0,290,180,3.5,43000.0,electric,5,430.0
ford,f-150 lightning,electric motor,98.0,452,180,4.5,40000.0,electric,5,1051.0
ford,escape hybrid,2.5l inline-4 + electric,2500.0,200,180,7.7,28000.0,hybrid,5,210.0
ford,explorer hybrid,3.3l v6 + electric,3300.0,318,180,7.5,50000.0,hybrid,7,500.0
ford,mustang,5.0l v8,5000.0,450,250,4.3,55000.0,petrol,4,530.0
ford,gt,3.5l twin-turbo v6,3500.0,660,348,3.0,500000.0,petrol,2,746.0
ford,focus st,2.3l turbo inline-4,2300.0,280,250,5.7,30000.0,petrol,5,420.0
ford,fiesta st,1.5l turbo inline-3,1500.0,200,230,6.5,23000.0,petrol,5,290.0
ford,bronco raptor,3.0l twin-turbo v6,3000.0,400,220,5.5,70000.0,petrol,4,583.0
ford,ranger raptor,2.7l twin-turbo v6,2700.0,392,200,6.0,45000.0,petrol,5,583.0
ford,f-150 raptor,3.5l twin-turbo v6,3500.0,450,200,5.0,70000.0,petrol,5,691.0
ford,puma,turbocharged inline-3,1000.0,123,191,9.6,28000.0,petrol,5,200.0
ford,territory,turbocharged inline-4,1500.0,140,180,11.0,32000.0,petrol,5,225.0
ford,everest,turbocharged inline-4,2000.0,210,190,10.5,52000.0,diesel,7,500.0
ford,flex,naturally aspirated v6,3500.0,287,200,7.9,31000.0,petrol,7,345.0
ford,transit,ecoblue turbo diesel,2000.0,170,160,12.0,43455.0,diesel,15,405.0
ford,transit connect,inline-4 gasoline engine,2000.0,162,175,10.5,29365.0,petrol,7,200.0
ford,f-450 super duty,turbocharged v8 diesel,6700.0,475,165,8.5,61625.0,diesel,6,1.0
ford,f-550 super duty,turbocharged v8 diesel,6700.0,475,165,8.8,64540.0,diesel,6,1.0
ford,mustang shelby gt500,supercharged v8,5200.0,760,290,3.5,79420.0,petrol,2,847.0
ford,mustang shelby gt350,naturally aspirated v8,5200.0,526,280,4.0,59140.0,petrol,2,582.0
ford,f-150 platinum,turbocharged v6,3500.0,400,180,6.5,64695.0,petrol,5,678.0
ford,f-150 limited,turbocharged v6,3500.0,450,190,6.1,84910.0,petrol,5,678.0
ford,explorer platinum,turbocharged v6,3000.0,400,230,6.0,56505.0,petrol,7,563.0
ford,expedition king ranch,turbocharged v6,3500.0,440,210,6.8,79560.0,petrol,8,691.0
ford,transit custom,ecoblue turbo diesel,2000.0,130,160,12.5,35000.0,diesel,9,385.0
ford,e-series cutaway,v8 gasoline engine,7300.0,350,140,13.0,36000.0,petrol,2,569.0
ford,transit chassis cab,ecoblue turbo diesel,2000.0,170,160,11.5,37000.0,diesel,2,405.0
ford,transit electric (e-transit),electric motor,89.0,266,140,9.0,52000.0,electric,12,430.0
ford,explorer plug-in hybrid,v6 hybrid + electric motor,3000.0,457,225,6.0,53000.0,hybrid,7,825.0
ford,maverick hybrid,i4 hybrid,2500.0,191,180,7.8,25000.0,hybrid,5,210.0
ford,mustang (2024),v8 gasoline engine,5000.0,450,250,4.5,60000.0,petrol,4,570.0
ford,ranger (2024),i4 turbo diesel,2000.0,210,180,8.0,40000.0,diesel,5,500.0
ford,escape plug-in hybrid (2024),i4 hybrid,2500.0,221,190,7.5,38000.0,hybrid,5,210.0
ford,bronco (2024),v6 ecoboost,2700.0,310,200,6.7,45000.0,petrol,5,542.0
ford,explorer (2024),v6 turbocharged,3000.0,400,230,5.9,55000.0,petrol,7,563.0
mitsubishi,mirage,1.2l mivec,1200.0,78,170,12.0,16000.0,petrol,5,100.0
mitsubishi,mirage g4,1.2l mivec,1200.0,78,170,12.0,17000.0,petrol,5,100.0
mitsubishi,outlander,2.5l 4-cylinder,2500.0,181,190,9.5,28000.0,petrol,7,245.0
mitsubishi,outlander phev,2.4l hybrid,2400.0,248,170,10.5,39000.0,hybrid,5,300.0
mitsubishi,eclipse cross,1.5l turbo,1500.0,152,180,9.8,25000.0,petrol,5,250.0
mitsubishi,asx (outlander sport),2.0l mivec,2000.0,148,190,10.0,23000.0,petrol,5,197.0
mitsubishi,pajero,3.2l diesel turbo,3200.0,189,180,10.5,40000.0,diesel,7,441.0
mitsubishi,pajero sport,2.4l diesel turbo,2400.0,181,180,11.0,35000.0,diesel,7,430.0
mitsubishi,triton (l200),2.4l diesel turbo,2400.0,181,177,10.5,25000.0,diesel,5,430.0
mitsubishi,lancer evolution x,2.0l turbocharged,2000.0,291,240,5.0,40000.0,petrol,5,407.0
mitsubishi,i-miev (electric),electric motor,16.0,66,130,15.0,23000.0,electric,4,196.0
mitsubishi,xpander,1.5l mivec,1500.0,105,170,13.5,20000.0,petrol,7,141.0
mitsubishi,delica d:5,2.2l diesel turbo,2200.0,145,175,11.0,35000.0,diesel,7,360.0
mitsubishi,colt,1.1l / 1.5l mivec,1100.0,75,180,9.0,15000.0,petrol,5,100.0
mitsubishi,grandis,2.4l mivec,2400.0,165,190,11.0,25000.0,petrol,7,217.0
mitsubishi,outlander black edition,2.5l 4-cylinder,2500.0,181,190,9.5,32000.0,petrol,7,245.0
mitsubishi,outlander sel,2.5l 4-cylinder,2500.0,181,190,9.5,31000.0,petrol,7,245.0
mitsubishi,outlander se,2.5l 4-cylinder,2500.0,181,190,9.5,29000.0,petrol,7,245.0
mitsubishi,eclipse cross black edition,1.5l turbo,1500.0,152,180,9.8,28000.0,petrol,5,250.0
mitsubishi,asx exceed,2.0l mivec,2000.0,148,190,10.0,26000.0,petrol,5,197.0
mitsubishi,triton athlete,2.4l diesel turbo,2400.0,181,177,10.5,27000.0,diesel,5,430.0
mitsubishi,pajero final edition,3.2l diesel turbo,3200.0,189,180,10.5,45000.0,diesel,7,441.0
mitsubishi,l200 barbarian x,2.4l diesel turbo,2400.0,181,177,10.5,30000.0,diesel,5,430.0
mitsubishi,space star,1.2l mivec,1200.0,78,170,12.0,15000.0,petrol,5,100.0
mitsubishi,lancer ex,1.6l mivec / 2.0l,1600.0,117,200,10.0,20000.0,petrol,5,154.0
mitsubishi,montero sport,2.4l diesel turbo,2400.0,181,180,11.0,35000.0,diesel,7,430.0
mitsubishi,attrage,1.2l mivec,1200.0,78,170,12.5,15000.0,petrol,5,100.0
mitsubishi,rvr se,2.0l mivec,2000.0,148,190,10.5,23000.0,petrol,5,197.0
mitsubishi,delica van,2.0l diesel / 2.2l diesel,2000.0,145,175,11.5,30000.0,diesel,7,360.0
mitsubishi,lancer glx,1.6l mivec,1600.0,115,190,11.5,17000.0,petrol,5,154.0
mitsubishi,pajero gls,3.2l diesel turbo,3200.0,189,180,10.5,45000.0,diesel,7,441.0
mitsubishi,xpander cross,1.5l mivec,1500.0,105,170,12.0,20000.0,petrol,7,141.0
mitsubishi,eclipse cross phev,2.4l phev,2400.0,188,180,10.5,35000.0,hybrid in plug,5,199.0
mitsubishi,outlander es,2.5l 4-cylinder,2500.0,181,190,9.5,28000.0,petrol,7,245.0
mitsubishi,montero glx,2.4l diesel turbo,2400.0,181,180,11.0,35000.0,diesel,7,430.0
mitsubishi,triton glx-r,2.4l diesel turbo,2400.0,181,177,10.5,27000.0,diesel,5,430.0
mitsubishi,asx dynamic,2.0l mivec,2000.0,148,190,10.0,25000.0,petrol,5,197.0
mitsubishi,mirage es,1.2l mivec,1200.0,78,170,12.5,15000.0,petrol,5,100.0
mitsubishi,outlander le,2.5l 4-cylinder,2500.0,181,190,9.5,30000.0,petrol,7,245.0
mitsubishi,space runner,1.8l mivec,1800.0,140,185,10.5,20000.0,petrol,5,170.0
mitsubishi,toppo bj,0.7l 3-cylinder,660.0,52,130,15.0,10000.0,petrol,4,60.0
mitsubishi,chariot,2.0l mivec,2000.0,140,185,10.5,20000.0,petrol,7,170.0
mitsubishi,lancer se limited,2.0l mivec,2000.0,148,200,10.0,20000.0,petrol,5,197.0
mitsubishi,pajero swb (short wheel base),3.2l diesel turbo,3200.0,189,180,10.5,45000.0,diesel,5,441.0
mitsubishi,delica space gear,2.4l petrol,2400.0,145,170,13.0,30000.0,petrol,7,206.0
mitsubishi,i (kei car),0.7l 3-cylinder,660.0,64,130,15.5,12000.0,petrol,4,94.0
mitsubishi,dion,2.0l 4-cylinder,2000.0,135,180,11.5,15000.0,petrol,7,181.0
mitsubishi,airtrek,2.4l 4-cylinder,2400.0,160,190,11.0,20000.0,petrol,5,214.0
mitsubishi,ek space,0.7l 3-cylinder,660.0,52,130,15.0,10000.0,petrol,4,60.0
mitsubishi,ek x,0.7l 3-cylinder,660.0,64,140,13.5,12000.0,petrol,4,94.0
mitsubishi,colt czc convertible,1.5l turbocharged,1500.0,147,200,9.5,25000.0,petrol,4,210.0
mitsubishi,galant fortis,2.0l mivec,2000.0,154,200,10.0,18000.0,petrol,5,200.0
mitsubishi,endeavor,3.8l v6,3800.0,225,190,9.5,28000.0,petrol,5,343.0
mitsubishi,grand lancer,1.8l mivec,1800.0,138,190,11.5,20000.0,petrol,5,173.0
mitsubishi,sigma,3.0l v6,3000.0,210,220,8.5,35000.0,petrol,5,270.0
mitsubishi,town box,0.7l 3-cylinder,660.0,48,120,16.0,10000.0,petrol,4,60.0
mazda,mazda3,2.0l skyactiv-g,2000.0,155,200,8.9,22000.0,petrol,5,213.0
mazda,mazda3 hatchback,2.5l skyactiv-g,2500.0,186,210,8.3,24000.0,petrol,5,252.0
mazda,mazda6,2.5l turbocharged,2500.0,250,240,6.4,27000.0,petrol,5,420.0
mazda,cx-3,2.0l skyactiv-g,2000.0,146,180,9.5,21000.0,petrol,5,197.0
mazda,cx-30,2.5l skyactiv-g,2500.0,186,204,8.7,23000.0,petrol,5,252.0
mazda,cx-5,2.5l skyactiv-g,2500.0,187,200,8.8,26000.0,petrol,5,252.0
mazda,cx-50,2.5l turbocharged,2500.0,256,220,6.9,29000.0,petrol,5,434.0
mazda,cx-8,2.2l diesel,2200.0,187,200,9.2,36000.0,diesel,7,450.0
mazda,cx-9,2.5l turbocharged,2500.0,250,210,7.2,38000.0,petrol,7,420.0
mazda,cx-90,3.3l inline-6 turbo,3300.0,340,240,6.2,50000.0,petrol,7,500.0
mazda,mx-5 miata,2.0l skyactiv-g,2000.0,181,225,6.5,27000.0,petrol,2,205.0
mazda,mx-5 miata rf,2.0l skyactiv-g,2000.0,181,225,6.5,33000.0,petrol,2,205.0
mazda,mx-30 electric,electric motor,35.5,143,140,9.7,33000.0,electric,5,271.0
mazda,cx-4,2.0l skyactiv-g,2000.0,158,190,9.6,22000.0,petrol,5,202.0
mazda,cx-7,2.3l turbocharged,2300.0,244,210,7.9,28000.0,petrol,5,350.0
mazda,tribute,3.0l v6,3000.0,200,190,9.0,24000.0,petrol,5,270.0
mazda,b-series pickup,2.5l diesel,2500.0,143,170,11.5,20000.0,diesel,5,330.0
mazda,bt-50,3.2l turbo diesel,3200.0,200,180,10.0,27000.0,diesel,5,470.0
mazda,rx-7,1.3l rotary twin-turbo,1300.0,276,250,5.5,30000.0,petrol,4,314.0
mazda,rx-3,1.2l rotary,1200.0,110,180,8.9,15000.0,petrol,4,145.0
mazda,323f,1.6l inline-4,1600.0,105,180,10.5,14000.0,petrol,5,145.0
mazda,familia sedan,1.5l inline-4,1500.0,100,175,11.0,12000.0,petrol,5,135.0
mazda,premacy,2.0l inline-4,2000.0,138,190,9.8,18000.0,petrol,7,180.0
mazda,demio,1.5l skyactiv-g,1500.0,108,180,10.2,13000.0,petrol,5,142.0
mazda,millenia,2.3l miller cycle v6,2300.0,210,215,8.2,25000.0,petrol,5,280.0
mazda,eunos cosmo,2.0l twin-rotor turbo,2000.0,280,240,6.0,40000.0,petrol,4,300.0
mazda,atenza,2.5l skyactiv-g,2500.0,192,210,8.5,22000.0,petrol,5,252.0
mazda,roadpacer ap,1.3l rotary,1300.0,130,170,11.5,20000.0,petrol,5,165.0
mazda,626,2.0l inline-4,2000.0,140,190,9.5,18000.0,petrol,5,180.0
mazda,929,3.0l v6,3000.0,205,220,8.0,25000.0,petrol,5,270.0
mazda,luce,1.8l rotary,1800.0,135,180,10.5,15000.0,petrol,5,170.0
mazda,capella,1.6l inline-4,1600.0,110,175,11.2,14000.0,petrol,5,145.0
mazda,carol,660cc inline-3,660.0,63,140,15.5,9000.0,petrol,4,90.0
mazda,autozam az-1,657cc turbocharged inline-3,657.0,63,140,11.0,12000.0,petrol,2,85.0
mazda,spiano,660cc inline-3,660.0,54,130,16.0,8000.0,petrol,4,80.0
mazda,verisa,1.5l inline-4,1500.0,113,170,11.0,14000.0,petrol,5,140.0
mazda,mx-6,2.5l v6,2500.0,164,210,8.8,18000.0,petrol,4,215.0
mazda,mpv,3.0l v6,3000.0,200,185,9.5,25000.0,petrol,7,265.0
mazda,proceed marvie,2.6l inline-4,2600.0,120,160,12.0,20000.0,petrol,5,200.0
mazda,sentia,3.0l v6,3000.0,200,200,9.0,22000.0,petrol,5,265.0
mazda,cronos,2.5l v6,2500.0,160,190,8.5,18000.0,petrol,5,210.0
mazda,scrum,660cc inline-3,660.0,63,130,15.0,9000.0,petrol,4,85.0
mazda,parkway,1.8l inline-4,1800.0,115,160,12.5,20000.0,petrol,5,155.0
mazda,titan (truck),3.0l inline-4,3000.0,130,120,15.0,25000.0,diesel,2,300.0
mazda,cx-60,2.5l inline-4,2500.0,187,200,8.5,40000.0,diesel petrol,5,250.0
mazda,cx-80,3.0l inline-6,3000.0,250,210,7.5,45000.0,petrol,7,400.0
mazda,t1500,1.5l inline-4,1500.0,75,120,18.0,15000.0,petrol,2,105.0
mazda,bongo van,2.0l inline-4,2000.0,100,160,14.0,18000.0,diesel petrol,3,140.0
mazda,bongo friendee,2.5l inline-4,2500.0,115,160,12.5,20000.0,diesel petrol,7,160.0
mazda,revue,1.3l inline-4,1300.0,75,130,15.5,10000.0,petrol,5,110.0
mazda,proteg,1.8l inline-4,1800.0,125,185,9.0,15000.0,petrol,5,170.0
mazda,xedos 6,2.5l v6,2500.0,170,215,8.5,25000.0,petrol,5,230.0
mazda,xedos 9,3.0l v6,3000.0,200,220,7.5,30000.0,petrol,5,260.0
mazda,121,1.3l inline-4,1300.0,70,155,13.0,12000.0,petrol,5,110.0
mazda,1200,1.2l inline-4,1200.0,60,130,16.0,10000.0,petrol,4,90.0
mazda,1500,1.5l inline-4,1500.0,85,145,14.0,12000.0,petrol,5,120.0
mazda,rx-2,1.3l inline-2 (wankel),1308.0,130,185,8.5,20000.0,petrol,4,220.0
mazda,rx-5,1.6l inline-2 (wankel),1588.0,135,190,8.0,25000.0,petrol,4,210.0
mazda,rx-7 spirit r,1.3l inline-2 (wankel),1308.0,280,250,5.5,35000.0,petrol,2,290.0
mazda,cosmo sport (110s),1.0l inline-2 (wankel),1000.0,110,170,10.0,30000.0,petrol,2,150.0
mazda,eunos 500,2.0l inline-4,1998.0,135,200,9.0,25000.0,petrol,5,170.0
mazda,eunos roadster,1.6l inline-4,1590.0,116,180,9.5,15000.0,petrol,2,140.0
mazda,familia astina,1.8l inline-4,1800.0,135,200,8.5,20000.0,petrol,5,170.0
mazda,savanna rx-7,1.3l inline-2 (wankel),1308.0,165,230,7.5,28000.0,petrol,2,230.0
mazda,capella cargo,2.0l inline-4,2000.0,115,180,12.0,18000.0,petrol,4,160.0
mazda,818,1.6l inline-4,1600.0,100,170,12.5,14000.0,petrol,5,130.0
mazda,sentia hardtop coupe,2.5l v6,2500.0,160,210,8.0,30000.0,petrol,4,220.0
mazda,biante,2.0l inline-4,2000.0,150,185,10.0,22000.0,petrol,7,200.0
mazda,premacy hydrogen re hybrid,1.3l wankel + electric,1308.0,200,180,9.5,40000.0,hybrid,5,260.0
mazda,carol p360,0.36l inline-2,360.0,26,85,35.0,8000.0,petrol,4,45.0
mazda,t2000,2.0l inline-4,2000.0,110,170,12.5,18000.0,petrol,2,160.0
mazda,az-offroad,1.3l inline-4,1298.0,85,145,12.0,15000.0,petrol,5,130.0
mazda,scrum wagon,0.66l inline-3,657.0,64,120,15.5,10000.0,petrol,4,95.0
mazda,persona,1.5l inline-4,1497.0,92,160,13.5,13000.0,petrol,5,130.0
mazda,astina,1.8l inline-4,1800.0,140,190,8.5,20000.0,petrol,5,160.0
mazda,etude,1.6l inline-4,1598.0,105,170,10.0,14000.0,petrol,5,135.0
mazda,porter,1.5l inline-4,1497.0,95,130,14.0,12000.0,petrol,2,130.0
mazda,mx-3,1.6l inline-4,1598.0,130,190,8.5,18000.0,petrol,4,140.0
mazda,mx-5 superlight concept,1.8l inline-4,1798.0,143,200,7.5,30000.0,petrol,2,160.0
mazda,premacy hydrogen re,1.3l wankel + electric,1308.0,200,180,9.5,40000.0,hybrid,5,260.0
mazda,bongo truck,2.0l inline-4,1998.0,120,130,15.0,15000.0,petrol,2,150.0
mazda,rotary pickup,1.3l wankel rotary engine,1308.0,130,150,14.5,18000.0,petrol,2,160.0
mazda,luce rotary coupe,1.3l wankel rotary engine,1308.0,135,175,12.0,25000.0,petrol,4,180.0
mazda,millenia s,2.5l v6,2500.0,200,220,8.0,30000.0,petrol,5,250.0
mazda,787b (race car),2.6l wankel rotary engine,2620.0,700,320,3.5,5000000.0,petrol,1,500.0
toyota,crown signia,2.5l hybrid i4,2487.0,240,180,7.6,43590.0,electric gas hybrid,5,239.0
toyota,4runner (6th gen),2.4l turbo i4 (i-force max hybrid),2393.0,326,180,6.8,50000.0,hybrid,7,630.0
toyota,corolla cross,2.0l gas / 2.0l hybrid,1987.0,169,190,8.0,25210.0,gas hybrid,5,190.0
toyota,c-hr+,1.8l / 2.0l hybrid,1798.0,140,180,7.9,33000.0,hybrid,5,190.0
toyota,rav4 (6th gen),2.5l hybrid / plug-in hybrid,2487.0,219,200,6.0,29000.0,hybrid in plug,5,221.0
